dataset_index,image_id,distortion_type,severity_level,parameter_value,num_ground_truth_objects,num_predictions,true_positives,false_positives,false_negatives,precision,recall,f1_score,mean_matched_iou
11,2007_000363,gaussian_noise,mild,10.0,2,2,2,0,0,1.0,1.0,1.0,0.8949543601208827
11,2007_000363,gaussian_noise,medium,25.0,2,0,0,0,2,0.0,0.0,0.0,0.0
11,2007_000363,gaussian_noise,severe,50.0,2,0,0,0,2,0.0,0.0,0.0,0.0
11,2007_000363,jpeg_compression,mild,50.0,2,1,0,1,2,0.0,0.0,0.0,0.0
11,2007_000363,jpeg_compression,medium,20.0,2,3,1,2,1,0.3333333333333333,0.5,0.4,0.9119491886670023
11,2007_000363,jpeg_compression,severe,5.0,2,1,0,1,2,0.0,0.0,0.0,0.0
11,2007_000363,low_light,mild,0.6,2,2,2,0,0,1.0,1.0,1.0,0.8956661059241069
11,2007_000363,low_light,medium,0.35,2,2,2,0,0,1.0,1.0,1.0,0.8960849481725499
11,2007_000363,low_light,severe,0.15,2,3,2,1,0,0.6666666666666666,1.0,0.8,0.9243618970827007
31,2007_000904,gaussian_noise,mild,10.0,3,5,1,4,2,0.2,0.3333333333333333,0.25,0.8273975521093901
31,2007_000904,gaussian_noise,medium,25.0,3,4,1,3,2,0.25,0.3333333333333333,0.28571428571428575,0.8087672143016371
31,2007_000904,gaussian_noise,severe,50.0,3,2,0,2,3,0.0,0.0,0.0,0.0
31,2007_000904,jpeg_compression,mild,50.0,3,3,1,2,2,0.3333333333333333,0.3333333333333333,0.3333333333333333,0.8247733455384874
31,2007_000904,jpeg_compression,medium,20.0,3,2,0,2,3,0.0,0.0,0.0,0.0
31,2007_000904,jpeg_compression,severe,5.0,3,0,0,0,3,0.0,0.0,0.0,0.0
31,2007_000904,low_light,mild,0.6,3,3,1,2,2,0.3333333333333333,0.3333333333333333,0.3333333333333333,0.8038329027806251
31,2007_000904,low_light,medium,0.35,3,4,1,3,2,0.25,0.3333333333333333,0.28571428571428575,0.805662416374291
31,2007_000904,low_light,severe,0.15,3,3,1,2,2,0.3333333333333333,0.3333333333333333,0.3333333333333333,0.825665596713252
88,2007_002895,gaussian_noise,mild,10.0,2,7,2,5,0,0.2857142857142857,1.0,0.4444444444444445,0.7925080033876292
88,2007_002895,gaussian_noise,medium,25.0,2,2,1,1,1,0.5,0.5,0.5,0.5117667081530072
88,2007_002895,gaussian_noise,severe,50.0,2,1,1,0,1,1.0,0.5,0.6666666666666666,0.5269485934692241
88,2007_002895,jpeg_compression,mild,50.0,2,4,2,2,0,0.5,1.0,0.6666666666666666,0.7658407738552684
88,2007_002895,jpeg_compression,medium,20.0,2,5,2,3,0,0.4,1.0,0.5714285714285715,0.7350852584333206
88,2007_002895,jpeg_compression,severe,5.0,2,3,2,1,0,0.6666666666666666,1.0,0.8,0.5607402717228056
88,2007_002895,low_light,mild,0.6,2,5,2,3,0,0.4,1.0,0.5714285714285715,0.7481365832462841
88,2007_002895,low_light,medium,0.35,2,6,2,4,0,0.3333333333333333,1.0,0.5,0.7770672875063112
88,2007_002895,low_light,severe,0.15,2,6,2,4,0,0.3333333333333333,1.0,0.5,0.7913871336821474
99,2007_003191,gaussian_noise,mild,10.0,1,2,1,1,0,0.5,1.0,0.6666666666666666,0.97717134657224
99,2007_003191,gaussian_noise,medium,25.0,1,1,1,0,0,1.0,1.0,1.0,0.9777846736974715
99,2007_003191,gaussian_noise,severe,50.0,1,1,1,0,0,1.0,1.0,1.0,0.9726424546071963
99,2007_003191,jpeg_compression,mild,50.0,1,2,1,1,0,0.5,1.0,0.6666666666666666,0.9781878167427204
99,2007_003191,jpeg_compression,medium,20.0,1,1,1,0,0,1.0,1.0,1.0,0.9767283594068691
99,2007_003191,jpeg_compression,severe,5.0,1,0,0,0,1,0.0,0.0,0.0,0.0
99,2007_003191,low_light,mild,0.6,1,1,1,0,0,1.0,1.0,1.0,0.977810746046403
99,2007_003191,low_light,medium,0.35,1,1,1,0,0,1.0,1.0,1.0,0.9776332292799057
99,2007_003191,low_light,severe,0.15,1,1,1,0,0,1.0,1.0,1.0,0.9754190104496304
127,2007_004166,gaussian_noise,mild,10.0,8,10,5,5,3,0.5,0.625,0.5555555555555556,0.8660068395490749
127,2007_004166,gaussian_noise,medium,25.0,8,5,2,3,6,0.4,0.25,0.3076923076923077,0.7542993981114113
127,2007_004166,gaussian_noise,severe,50.0,8,1,0,1,8,0.0,0.0,0.0,0.0
127,2007_004166,jpeg_compression,mild,50.0,8,8,4,4,4,0.5,0.5,0.5,0.8969874770793729
127,2007_004166,jpeg_compression,medium,20.0,8,4,3,1,5,0.75,0.375,0.5,0.7915202534329752
127,2007_004166,jpeg_compression,severe,5.0,8,1,1,0,7,1.0,0.125,0.2222222222222222,0.8171537007921943
127,2007_004166,low_light,mild,0.6,8,10,6,4,2,0.6,0.75,0.6666666666666665,0.9010103893082233
127,2007_004166,low_light,medium,0.35,8,9,5,4,3,0.5555555555555556,0.625,0.5882352941176471,0.8839018033911825
127,2007_004166,low_light,severe,0.15,8,7,3,4,5,0.42857142857142855,0.375,0.39999999999999997,0.8883091670441149
160,2007_005262,gaussian_noise,mild,10.0,3,6,3,3,0,0.5,1.0,0.6666666666666666,0.8806620086278579
160,2007_005262,gaussian_noise,medium,25.0,3,4,3,1,0,0.75,1.0,0.8571428571428571,0.9016881344392855
160,2007_005262,gaussian_noise,severe,50.0,3,3,1,2,2,0.3333333333333333,0.3333333333333333,0.3333333333333333,0.9387227640373766
160,2007_005262,jpeg_compression,mild,50.0,3,7,3,4,0,0.42857142857142855,1.0,0.6,0.8546955307964904
160,2007_005262,jpeg_compression,medium,20.0,3,5,3,2,0,0.6,1.0,0.7499999999999999,0.8749421206575011
160,2007_005262,jpeg_compression,severe,5.0,3,5,2,3,1,0.4,0.6666666666666666,0.5,0.8993463896750301
160,2007_005262,low_light,mild,0.6,3,5,3,2,0,0.6,1.0,0.7499999999999999,0.862880954825442
160,2007_005262,low_light,medium,0.35,3,4,3,1,0,0.75,1.0,0.8571428571428571,0.8668925488996159
160,2007_005262,low_light,severe,0.15,3,4,3,1,0,0.75,1.0,0.8571428571428571,0.863595900056091
165,2007_005360,gaussian_noise,mild,10.0,2,4,2,2,0,0.5,1.0,0.6666666666666666,0.9031951267948728
165,2007_005360,gaussian_noise,medium,25.0,2,3,2,1,0,0.6666666666666666,1.0,0.8,0.8200456522609475
165,2007_005360,gaussian_noise,severe,50.0,2,1,1,0,1,1.0,0.5,0.6666666666666666,0.6644075950885608
165,2007_005360,jpeg_compression,mild,50.0,2,5,2,3,0,0.4,1.0,0.5714285714285715,0.8963801287005964
165,2007_005360,jpeg_compression,medium,20.0,2,2,2,0,0,1.0,1.0,1.0,0.882435221917105
165,2007_005360,jpeg_compression,severe,5.0,2,1,1,0,1,1.0,0.5,0.6666666666666666,0.6996849439886521
165,2007_005360,low_light,mild,0.6,2,4,2,2,0,0.5,1.0,0.6666666666666666,0.920328305628346
165,2007_005360,low_light,medium,0.35,2,4,2,2,0,0.5,1.0,0.6666666666666666,0.9188392781762644
165,2007_005360,low_light,severe,0.15,2,2,2,0,0,1.0,1.0,1.0,0.9094864189798558
167,2007_005430,gaussian_noise,mild,10.0,3,2,2,0,1,1.0,0.6666666666666666,0.8,0.8508058706126806
167,2007_005430,gaussian_noise,medium,25.0,3,2,2,0,1,1.0,0.6666666666666666,0.8,0.8119239457202703
167,2007_005430,gaussian_noise,severe,50.0,3,1,1,0,2,1.0,0.3333333333333333,0.5,0.917245505697775
167,2007_005430,jpeg_compression,mild,50.0,3,2,2,0,1,1.0,0.6666666666666666,0.8,0.8362121678130321
167,2007_005430,jpeg_compression,medium,20.0,3,3,2,1,1,0.6666666666666666,0.6666666666666666,0.6666666666666666,0.7405821475592154
167,2007_005430,jpeg_compression,severe,5.0,3,1,1,0,2,1.0,0.3333333333333333,0.5,0.6655677151318827
167,2007_005430,low_light,mild,0.6,3,2,2,0,1,1.0,0.6666666666666666,0.8,0.8548580996144838
167,2007_005430,low_light,medium,0.35,3,2,2,0,1,1.0,0.6666666666666666,0.8,0.8544023181509062
167,2007_005430,low_light,severe,0.15,3,2,2,0,1,1.0,0.6666666666666666,0.8,0.8445275996058317
187,2007_006281,gaussian_noise,mild,10.0,2,4,1,3,1,0.25,0.5,0.3333333333333333,0.8106139910004287
187,2007_006281,gaussian_noise,medium,25.0,2,0,0,0,2,0.0,0.0,0.0,0.0
187,2007_006281,gaussian_noise,severe,50.0,2,1,0,1,2,0.0,0.0,0.0,0.0
187,2007_006281,jpeg_compression,mild,50.0,2,0,0,0,2,0.0,0.0,0.0,0.0
187,2007_006281,jpeg_compression,medium,20.0,2,1,1,0,1,1.0,0.5,0.6666666666666666,0.8069767513053592
187,2007_006281,jpeg_compression,severe,5.0,2,0,0,0,2,0.0,0.0,0.0,0.0
187,2007_006281,low_light,mild,0.6,2,3,1,2,1,0.3333333333333333,0.5,0.4,0.8448167434424232
187,2007_006281,low_light,medium,0.35,2,3,1,2,1,0.3333333333333333,0.5,0.4,0.8503804625499567
187,2007_006281,low_light,severe,0.15,2,0,0,0,2,0.0,0.0,0.0,0.0
189,2007_006317,gaussian_noise,mild,10.0,3,3,3,0,0,1.0,1.0,1.0,0.8825186435177429
189,2007_006317,gaussian_noise,medium,25.0,3,3,2,1,1,0.6666666666666666,0.6666666666666666,0.6666666666666666,0.9688999585803373
189,2007_006317,gaussian_noise,severe,50.0,3,2,2,0,1,1.0,0.6666666666666666,0.8,0.8576117626013092
189,2007_006317,jpeg_compression,mild,50.0,3,4,3,1,0,0.75,1.0,0.8571428571428571,0.8917600160925389
189,2007_006317,jpeg_compression,medium,20.0,3,5,3,2,0,0.6,1.0,0.7499999999999999,0.9020864137280742
189,2007_006317,jpeg_compression,severe,5.0,3,0,0,0,3,0.0,0.0,0.0,0.0
189,2007_006317,low_light,mild,0.6,3,4,3,1,0,0.75,1.0,0.8571428571428571,0.8857930157298863
189,2007_006317,low_light,medium,0.35,3,3,3,0,0,1.0,1.0,1.0,0.9087088759822652
189,2007_006317,low_light,severe,0.15,3,3,3,0,0,1.0,1.0,1.0,0.9049179957630765
195,2007_006490,gaussian_noise,mild,10.0,5,3,3,0,2,1.0,0.6,0.7499999999999999,0.7105034470213317
195,2007_006490,gaussian_noise,medium,25.0,5,1,1,0,4,1.0,0.2,0.33333333333333337,0.736530885471477
195,2007_006490,gaussian_noise,severe,50.0,5,1,1,0,4,1.0,0.2,0.33333333333333337,0.7904325139052442
195,2007_006490,jpeg_compression,mild,50.0,5,2,1,1,4,0.5,0.2,0.28571428571428575,0.8617340342114456
195,2007_006490,jpeg_compression,medium,20.0,5,1,1,0,4,1.0,0.2,0.33333333333333337,0.854578334188535
195,2007_006490,jpeg_compression,severe,5.0,5,1,1,0,4,1.0,0.2,0.33333333333333337,0.5305722662477743
195,2007_006490,low_light,mild,0.6,5,4,3,1,2,0.75,0.6,0.6666666666666665,0.7693737595050472
195,2007_006490,low_light,medium,0.35,5,3,3,0,2,1.0,0.6,0.7499999999999999,0.7567689064896262
195,2007_006490,low_light,severe,0.15,5,3,2,1,3,0.6666666666666666,0.4,0.5,0.7970053578834696
196,2007_006530,gaussian_noise,mild,10.0,6,7,3,4,3,0.42857142857142855,0.5,0.4615384615384615,0.860477134584927
196,2007_006530,gaussian_noise,medium,25.0,6,4,1,3,5,0.25,0.16666666666666666,0.2,0.8259519887333867
196,2007_006530,gaussian_noise,severe,50.0,6,0,0,0,6,0.0,0.0,0.0,0.0
196,2007_006530,jpeg_compression,mild,50.0,6,8,3,5,3,0.375,0.5,0.42857142857142855,0.8762388958596911
196,2007_006530,jpeg_compression,medium,20.0,6,6,1,5,5,0.16666666666666666,0.16666666666666666,0.16666666666666666,0.8576633132416034
196,2007_006530,jpeg_compression,severe,5.0,6,0,0,0,6,0.0,0.0,0.0,0.0
196,2007_006530,low_light,mild,0.6,6,8,4,4,2,0.5,0.6666666666666666,0.5714285714285715,0.7997236905206719
196,2007_006530,low_light,medium,0.35,6,7,3,4,3,0.42857142857142855,0.5,0.4615384615384615,0.8938660617198487
196,2007_006530,low_light,severe,0.15,6,7,2,5,4,0.2857142857142857,0.3333333333333333,0.30769230769230765,0.9264395642281601
202,2007_006660,gaussian_noise,mild,10.0,3,3,2,1,1,0.6666666666666666,0.6666666666666666,0.6666666666666666,0.9566924069823283
202,2007_006660,gaussian_noise,medium,25.0,3,1,1,0,2,1.0,0.3333333333333333,0.5,0.9825063150380683
202,2007_006660,gaussian_noise,severe,50.0,3,1,1,0,2,1.0,0.3333333333333333,0.5,0.9592195145566558
202,2007_006660,jpeg_compression,mild,50.0,3,4,3,1,0,0.75,1.0,0.8571428571428571,0.912893671268316
202,2007_006660,jpeg_compression,medium,20.0,3,3,1,2,2,0.3333333333333333,0.3333333333333333,0.3333333333333333,0.9700976976458235
202,2007_006660,jpeg_compression,severe,5.0,3,1,0,1,3,0.0,0.0,0.0,0.0
202,2007_006660,low_light,mild,0.6,3,4,3,1,0,0.75,1.0,0.8571428571428571,0.7967276639958074
202,2007_006660,low_light,medium,0.35,3,3,2,1,1,0.6666666666666666,0.6666666666666666,0.6666666666666666,0.7760592045918626
202,2007_006660,low_light,severe,0.15,3,3,1,2,2,0.3333333333333333,0.3333333333333333,0.3333333333333333,0.9711927224044783
204,2007_006673,gaussian_noise,mild,10.0,12,10,4,6,8,0.4,0.3333333333333333,0.3636363636363636,0.7895941105846568
204,2007_006673,gaussian_noise,medium,25.0,12,0,0,0,12,0.0,0.0,0.0,0.0
204,2007_006673,gaussian_noise,severe,50.0,12,0,0,0,12,0.0,0.0,0.0,0.0
204,2007_006673,jpeg_compression,mild,50.0,12,16,6,10,6,0.375,0.5,0.42857142857142855,0.7648543961746276
204,2007_006673,jpeg_compression,medium,20.0,12,8,7,1,5,0.875,0.5833333333333334,0.7000000000000001,0.7509448356068037
204,2007_006673,jpeg_compression,severe,5.0,12,1,0,1,12,0.0,0.0,0.0,0.0
204,2007_006673,low_light,mild,0.6,12,22,8,14,4,0.36363636363636365,0.6666666666666666,0.4705882352941177,0.7344610510141527
204,2007_006673,low_light,medium,0.35,12,23,8,15,4,0.34782608695652173,0.6666666666666666,0.4571428571428571,0.7452041394757903
204,2007_006673,low_light,severe,0.15,12,3,3,0,9,1.0,0.25,0.4,0.8502725166035873
210,2007_006899,gaussian_noise,mild,10.0,3,3,3,0,0,1.0,1.0,1.0,0.9500136367838786
210,2007_006899,gaussian_noise,medium,25.0,3,3,3,0,0,1.0,1.0,1.0,0.9522700134020949
210,2007_006899,gaussian_noise,severe,50.0,3,4,1,3,2,0.25,0.3333333333333333,0.28571428571428575,0.9440697319337693
210,2007_006899,jpeg_compression,mild,50.0,3,3,3,0,0,1.0,1.0,1.0,0.9421143960133684
210,2007_006899,jpeg_compression,medium,20.0,3,3,3,0,0,1.0,1.0,1.0,0.9357408566565999
210,2007_006899,jpeg_compression,severe,5.0,3,0,0,0,3,0.0,0.0,0.0,0.0
210,2007_006899,low_light,mild,0.6,3,3,3,0,0,1.0,1.0,1.0,0.9507425262377143
210,2007_006899,low_light,medium,0.35,3,3,3,0,0,1.0,1.0,1.0,0.951685813767218
210,2007_006899,low_light,severe,0.15,3,3,3,0,0,1.0,1.0,1.0,0.9510851450652344
211,2007_006900,gaussian_noise,mild,10.0,6,8,6,2,0,0.75,1.0,0.8571428571428571,0.9022268482108582
211,2007_006900,gaussian_noise,medium,25.0,6,7,6,1,0,0.8571428571428571,1.0,0.923076923076923,0.8675414880403135
211,2007_006900,gaussian_noise,severe,50.0,6,7,4,3,2,0.5714285714285714,0.6666666666666666,0.6153846153846153,0.7614398820576671
211,2007_006900,jpeg_compression,mild,50.0,6,9,6,3,0,0.6666666666666666,1.0,0.8,0.9160786858550974
211,2007_006900,jpeg_compression,medium,20.0,6,9,6,3,0,0.6666666666666666,1.0,0.8,0.8855003759399093
211,2007_006900,jpeg_compression,severe,5.0,6,1,0,1,6,0.0,0.0,0.0,0.0
211,2007_006900,low_light,mild,0.6,6,6,6,0,0,1.0,1.0,1.0,0.9115673997936695
211,2007_006900,low_light,medium,0.35,6,6,6,0,0,1.0,1.0,1.0,0.9103461017537143
211,2007_006900,low_light,severe,0.15,6,6,6,0,0,1.0,1.0,1.0,0.9003657259951874
214,2007_007021,gaussian_noise,mild,10.0,5,19,5,14,0,0.2631578947368421,1.0,0.4166666666666667,0.8296418565976873
214,2007_007021,gaussian_noise,medium,25.0,5,15,5,10,0,0.3333333333333333,1.0,0.5,0.8240052936249921
214,2007_007021,gaussian_noise,severe,50.0,5,4,0,4,5,0.0,0.0,0.0,0.0
214,2007_007021,jpeg_compression,mild,50.0,5,19,5,14,0,0.2631578947368421,1.0,0.4166666666666667,0.8209859460808291
214,2007_007021,jpeg_compression,medium,20.0,5,18,5,13,0,0.2777777777777778,1.0,0.4347826086956522,0.8391868721061014
214,2007_007021,jpeg_compression,severe,5.0,5,0,0,0,5,0.0,0.0,0.0,0.0
214,2007_007021,low_light,mild,0.6,5,26,5,21,0,0.19230769230769232,1.0,0.32258064516129037,0.8300003271876711
214,2007_007021,low_light,medium,0.35,5,25,5,20,0,0.2,1.0,0.33333333333333337,0.8273914586120416
214,2007_007021,low_light,severe,0.15,5,17,5,12,0,0.29411764705882354,1.0,0.45454545454545453,0.8435118283892127
215,2007_007048,gaussian_noise,mild,10.0,7,8,5,3,2,0.625,0.7142857142857143,0.6666666666666666,0.8969627124896091
215,2007_007048,gaussian_noise,medium,25.0,7,5,4,1,3,0.8,0.5714285714285714,0.6666666666666666,0.9355822133458328
215,2007_007048,gaussian_noise,severe,50.0,7,1,0,1,7,0.0,0.0,0.0,0.0
215,2007_007048,jpeg_compression,mild,50.0,7,7,5,2,2,0.7142857142857143,0.7142857142857143,0.7142857142857143,0.9097407682948748
215,2007_007048,jpeg_compression,medium,20.0,7,7,3,4,4,0.42857142857142855,0.42857142857142855,0.42857142857142855,0.8906340230409068
215,2007_007048,jpeg_compression,severe,5.0,7,1,0,1,7,0.0,0.0,0.0,0.0
215,2007_007048,low_light,mild,0.6,7,7,5,2,2,0.7142857142857143,0.7142857142857143,0.7142857142857143,0.9039918141760076
215,2007_007048,low_light,medium,0.35,7,8,5,3,2,0.625,0.7142857142857143,0.6666666666666666,0.9038891662223121
215,2007_007048,low_light,severe,0.15,7,8,5,3,2,0.625,0.7142857142857143,0.6666666666666666,0.8863637808185791
220,2007_007355,gaussian_noise,mild,10.0,3,5,3,2,0,0.6,1.0,0.7499999999999999,0.6896855025821038
220,2007_007355,gaussian_noise,medium,25.0,3,3,2,1,1,0.6666666666666666,0.6666666666666666,0.6666666666666666,0.7120864785650751
220,2007_007355,gaussian_noise,severe,50.0,3,2,0,2,3,0.0,0.0,0.0,0.0
220,2007_007355,jpeg_compression,mild,50.0,3,6,2,4,1,0.3333333333333333,0.6666666666666666,0.4444444444444444,0.7091088416317225
220,2007_007355,jpeg_compression,medium,20.0,3,3,1,2,2,0.3333333333333333,0.3333333333333333,0.3333333333333333,0.7828286234486717
220,2007_007355,jpeg_compression,severe,5.0,3,0,0,0,3,0.0,0.0,0.0,0.0
220,2007_007355,low_light,mild,0.6,3,6,3,3,0,0.5,1.0,0.6666666666666666,0.714486124773316
220,2007_007355,low_light,medium,0.35,3,6,3,3,0,0.5,1.0,0.6666666666666666,0.6955336211349136
220,2007_007355,low_light,severe,0.15,3,4,3,1,0,0.75,1.0,0.8571428571428571,0.6910227719712663
251,2007_008142,gaussian_noise,mild,10.0,2,2,2,0,0,1.0,1.0,1.0,0.908609509593018
251,2007_008142,gaussian_noise,medium,25.0,2,2,2,0,0,1.0,1.0,1.0,0.8992611331958634
251,2007_008142,gaussian_noise,severe,50.0,2,2,1,1,1,0.5,0.5,0.5,0.6311312716138686
251,2007_008142,jpeg_compression,mild,50.0,2,2,2,0,0,1.0,1.0,1.0,0.9283402244521403
251,2007_008142,jpeg_compression,medium,20.0,2,2,2,0,0,1.0,1.0,1.0,0.9365331273918351
251,2007_008142,jpeg_compression,severe,5.0,2,2,1,1,1,0.5,0.5,0.5,0.5041259686375552
251,2007_008142,low_light,mild,0.6,2,2,2,0,0,1.0,1.0,1.0,0.955444340235164
251,2007_008142,low_light,medium,0.35,2,2,2,0,0,1.0,1.0,1.0,0.9454183745297497
251,2007_008142,low_light,severe,0.15,2,2,2,0,0,1.0,1.0,1.0,0.9365985025566095
284,2007_009436,gaussian_noise,mild,10.0,3,5,3,2,0,0.6,1.0,0.7499999999999999,0.8819541826268583
284,2007_009436,gaussian_noise,medium,25.0,3,3,2,1,1,0.6666666666666666,0.6666666666666666,0.6666666666666666,0.8139058714907379
284,2007_009436,gaussian_noise,severe,50.0,3,1,1,0,2,1.0,0.3333333333333333,0.5,0.867328058885954
284,2007_009436,jpeg_compression,mild,50.0,3,2,1,1,2,0.5,0.3333333333333333,0.4,0.8898196206830551
284,2007_009436,jpeg_compression,medium,20.0,3,1,1,0,2,1.0,0.3333333333333333,0.5,0.8849269630488074
284,2007_009436,jpeg_compression,severe,5.0,3,1,1,0,2,1.0,0.3333333333333333,0.5,0.6031311882876677
284,2007_009436,low_light,mild,0.6,3,5,3,2,0,0.6,1.0,0.7499999999999999,0.9123691092893647
284,2007_009436,low_light,medium,0.35,3,4,2,2,1,0.5,0.6666666666666666,0.5714285714285715,0.941673399716316
284,2007_009436,low_light,severe,0.15,3,3,2,1,1,0.6666666666666666,0.6666666666666666,0.6666666666666666,0.9487882177787607
317,2008_000103,gaussian_noise,mild,10.0,1,1,1,0,0,1.0,1.0,1.0,0.9793350306750912
317,2008_000103,gaussian_noise,medium,25.0,1,2,1,1,0,0.5,1.0,0.6666666666666666,0.9550951737029127
317,2008_000103,gaussian_noise,severe,50.0,1,1,0,1,1,0.0,0.0,0.0,0.0
317,2008_000103,jpeg_compression,mild,50.0,1,1,1,0,0,1.0,1.0,1.0,0.9654786976859401
317,2008_000103,jpeg_compression,medium,20.0,1,1,1,0,0,1.0,1.0,1.0,0.9626943268498576
317,2008_000103,jpeg_compression,severe,5.0,1,1,0,1,1,0.0,0.0,0.0,0.0
317,2008_000103,low_light,mild,0.6,1,1,1,0,0,1.0,1.0,1.0,0.9731681343272125
317,2008_000103,low_light,medium,0.35,1,1,1,0,0,1.0,1.0,1.0,0.9748685579207388
317,2008_000103,low_light,severe,0.15,1,1,1,0,0,1.0,1.0,1.0,0.9626028446860369
325,2008_000207,gaussian_noise,mild,10.0,1,1,1,0,0,1.0,1.0,1.0,0.9464930345649054
325,2008_000207,gaussian_noise,medium,25.0,1,1,1,0,0,1.0,1.0,1.0,0.9556248645608723
325,2008_000207,gaussian_noise,severe,50.0,1,1,1,0,0,1.0,1.0,1.0,0.9618029566302659
325,2008_000207,jpeg_compression,mild,50.0,1,1,1,0,0,1.0,1.0,1.0,0.9518698878869364
325,2008_000207,jpeg_compression,medium,20.0,1,1,1,0,0,1.0,1.0,1.0,0.9694430751675192
325,2008_000207,jpeg_compression,severe,5.0,1,0,0,0,1,0.0,0.0,0.0,0.0
325,2008_000207,low_light,mild,0.6,1,1,1,0,0,1.0,1.0,1.0,0.9759633577917918
325,2008_000207,low_light,medium,0.35,1,1,1,0,0,1.0,1.0,1.0,0.9667864799458465
325,2008_000207,low_light,severe,0.15,1,1,1,0,0,1.0,1.0,1.0,0.9515155023902274
331,2008_000273,gaussian_noise,mild,10.0,4,3,1,2,3,0.3333333333333333,0.25,0.28571428571428575,0.766921164017423
331,2008_000273,gaussian_noise,medium,25.0,4,0,0,0,4,0.0,0.0,0.0,0.0
331,2008_000273,gaussian_noise,severe,50.0,4,1,0,1,4,0.0,0.0,0.0,0.0
331,2008_000273,jpeg_compression,mild,50.0,4,2,0,2,4,0.0,0.0,0.0,0.0
331,2008_000273,jpeg_compression,medium,20.0,4,1,0,1,4,0.0,0.0,0.0,0.0
331,2008_000273,jpeg_compression,severe,5.0,4,0,0,0,4,0.0,0.0,0.0,0.0
331,2008_000273,low_light,mild,0.6,4,2,1,1,3,0.5,0.25,0.3333333333333333,0.8983418085001915
331,2008_000273,low_light,medium,0.35,4,1,0,1,4,0.0,0.0,0.0,0.0
331,2008_000273,low_light,severe,0.15,4,1,0,1,4,0.0,0.0,0.0,0.0
352,2008_000540,gaussian_noise,mild,10.0,1,1,1,0,0,1.0,1.0,1.0,0.9833084450122357
352,2008_000540,gaussian_noise,medium,25.0,1,1,1,0,0,1.0,1.0,1.0,0.9881022521472318
352,2008_000540,gaussian_noise,severe,50.0,1,1,1,0,0,1.0,1.0,1.0,0.9348790955650552
352,2008_000540,jpeg_compression,mild,50.0,1,2,1,1,0,0.5,1.0,0.6666666666666666,0.9779763573718672
352,2008_000540,jpeg_compression,medium,20.0,1,1,1,0,0,1.0,1.0,1.0,0.9147573191650856
352,2008_000540,jpeg_compression,severe,5.0,1,0,0,0,1,0.0,0.0,0.0,0.0
352,2008_000540,low_light,mild,0.6,1,2,1,1,0,0.5,1.0,0.6666666666666666,0.9825747084053728
352,2008_000540,low_light,medium,0.35,1,2,1,1,0,0.5,1.0,0.6666666666666666,0.9826166143042079
352,2008_000540,low_light,severe,0.15,1,1,1,0,0,1.0,1.0,1.0,0.9799403595361008
356,2008_000584,gaussian_noise,mild,10.0,1,2,1,1,0,0.5,1.0,0.6666666666666666,0.8282164680803402
356,2008_000584,gaussian_noise,medium,25.0,1,2,1,1,0,0.5,1.0,0.6666666666666666,0.8588351013115934
356,2008_000584,gaussian_noise,severe,50.0,1,1,1,0,0,1.0,1.0,1.0,0.8512156734967113
356,2008_000584,jpeg_compression,mild,50.0,1,2,1,1,0,0.5,1.0,0.6666666666666666,0.8350256698682891
356,2008_000584,jpeg_compression,medium,20.0,1,2,1,1,0,0.5,1.0,0.6666666666666666,0.8318950357977073
356,2008_000584,jpeg_compression,severe,5.0,1,0,0,0,1,0.0,0.0,0.0,0.0
356,2008_000584,low_light,mild,0.6,1,2,1,1,0,0.5,1.0,0.6666666666666666,0.8096217235415002
356,2008_000584,low_light,medium,0.35,1,2,1,1,0,0.5,1.0,0.6666666666666666,0.8069094254034471
356,2008_000584,low_light,severe,0.15,1,2,1,1,0,0.5,1.0,0.6666666666666666,0.8121557330027347
358,2008_000595,gaussian_noise,mild,10.0,1,2,1,1,0,0.5,1.0,0.6666666666666666,0.9510447563365837
358,2008_000595,gaussian_noise,medium,25.0,1,1,1,0,0,1.0,1.0,1.0,0.916227114463469
358,2008_000595,gaussian_noise,severe,50.0,1,2,1,1,0,0.5,1.0,0.6666666666666666,0.8122522585224787
358,2008_000595,jpeg_compression,mild,50.0,1,1,1,0,0,1.0,1.0,1.0,0.9507367125117381
358,2008_000595,jpeg_compression,medium,20.0,1,1,1,0,0,1.0,1.0,1.0,0.943857722492031
358,2008_000595,jpeg_compression,severe,5.0,1,1,1,0,0,1.0,1.0,1.0,0.8964459214888456
358,2008_000595,low_light,mild,0.6,1,1,1,0,0,1.0,1.0,1.0,0.9460778319769564
358,2008_000595,low_light,medium,0.35,1,1,1,0,0,1.0,1.0,1.0,0.93909145071849
358,2008_000595,low_light,severe,0.15,1,1,1,0,0,1.0,1.0,1.0,0.9318847369122337
360,2008_000645,gaussian_noise,mild,10.0,1,1,0,1,1,0.0,0.0,0.0,0.0
360,2008_000645,gaussian_noise,medium,25.0,1,0,0,0,1,0.0,0.0,0.0,0.0
360,2008_000645,gaussian_noise,severe,50.0,1,0,0,0,1,0.0,0.0,0.0,0.0
360,2008_000645,jpeg_compression,mild,50.0,1,2,1,1,0,0.5,1.0,0.6666666666666666,0.9721400480736215
360,2008_000645,jpeg_compression,medium,20.0,1,0,0,0,1,0.0,0.0,0.0,0.0
360,2008_000645,jpeg_compression,severe,5.0,1,2,0,2,1,0.0,0.0,0.0,0.0
360,2008_000645,low_light,mild,0.6,1,3,1,2,0,0.3333333333333333,1.0,0.5,0.9342219139947276
360,2008_000645,low_light,medium,0.35,1,2,1,1,0,0.5,1.0,0.6666666666666666,0.936156842399989
360,2008_000645,low_light,severe,0.15,1,2,1,1,0,0.5,1.0,0.6666666666666666,0.9418561198228405
375,2008_000923,gaussian_noise,mild,10.0,1,2,1,1,0,0.5,1.0,0.6666666666666666,0.8134798562231067
375,2008_000923,gaussian_noise,medium,25.0,1,1,1,0,0,1.0,1.0,1.0,0.7601837136483636
375,2008_000923,gaussian_noise,severe,50.0,1,0,0,0,1,0.0,0.0,0.0,0.0
375,2008_000923,jpeg_compression,mild,50.0,1,1,1,0,0,1.0,1.0,1.0,0.7718265030310091
375,2008_000923,jpeg_compression,medium,20.0,1,1,1,0,0,1.0,1.0,1.0,0.8474189865992853
375,2008_000923,jpeg_compression,severe,5.0,1,0,0,0,1,0.0,0.0,0.0,0.0
375,2008_000923,low_light,mild,0.6,1,3,1,2,0,0.3333333333333333,1.0,0.5,0.8103378942369742
375,2008_000923,low_light,medium,0.35,1,2,1,1,0,0.5,1.0,0.6666666666666666,0.8131766174961244
375,2008_000923,low_light,severe,0.15,1,1,1,0,0,1.0,1.0,1.0,0.8380052034393538
400,2008_001462,gaussian_noise,mild,10.0,1,1,1,0,0,1.0,1.0,1.0,0.7169902708987411
400,2008_001462,gaussian_noise,medium,25.0,1,2,1,1,0,0.5,1.0,0.6666666666666666,0.7227571933262337
400,2008_001462,gaussian_noise,severe,50.0,1,1,1,0,0,1.0,1.0,1.0,0.7261778477969332
400,2008_001462,jpeg_compression,mild,50.0,1,1,1,0,0,1.0,1.0,1.0,0.728204033349013
400,2008_001462,jpeg_compression,medium,20.0,1,1,1,0,0,1.0,1.0,1.0,0.7191675740246224
400,2008_001462,jpeg_compression,severe,5.0,1,0,0,0,1,0.0,0.0,0.0,0.0
400,2008_001462,low_light,mild,0.6,1,1,1,0,0,1.0,1.0,1.0,0.7553560242699048
400,2008_001462,low_light,medium,0.35,1,1,1,0,0,1.0,1.0,1.0,0.7510340184218234
400,2008_001462,low_light,severe,0.15,1,2,1,1,0,0.5,1.0,0.6666666666666666,0.7405547791163563
431,2008_002123,gaussian_noise,mild,10.0,10,8,7,1,3,0.875,0.7,0.7777777777777777,0.8734616823861104
431,2008_002123,gaussian_noise,medium,25.0,10,9,7,2,3,0.7777777777777778,0.7,0.7368421052631577,0.8549247158896878
431,2008_002123,gaussian_noise,severe,50.0,10,6,6,0,4,1.0,0.6,0.7499999999999999,0.833367306394793
431,2008_002123,jpeg_compression,mild,50.0,10,9,8,1,2,0.8888888888888888,0.8,0.8421052631578948,0.8553857269890113
431,2008_002123,jpeg_compression,medium,20.0,10,7,7,0,3,1.0,0.7,0.8235294117647058,0.8305570817145244
431,2008_002123,jpeg_compression,severe,5.0,10,0,0,0,10,0.0,0.0,0.0,0.0
431,2008_002123,low_light,mild,0.6,10,9,8,1,2,0.8888888888888888,0.8,0.8421052631578948,0.8519933892297277
431,2008_002123,low_light,medium,0.35,10,9,8,1,2,0.8888888888888888,0.8,0.8421052631578948,0.8464721818680014
431,2008_002123,low_light,severe,0.15,10,8,8,0,2,1.0,0.8,0.888888888888889,0.8291760125074227
440,2008_002221,gaussian_noise,mild,10.0,1,1,1,0,0,1.0,1.0,1.0,0.984660314553531
440,2008_002221,gaussian_noise,medium,25.0,1,1,1,0,0,1.0,1.0,1.0,0.9762172113590772
440,2008_002221,gaussian_noise,severe,50.0,1,1,0,1,1,0.0,0.0,0.0,0.0
440,2008_002221,jpeg_compression,mild,50.0,1,1,1,0,0,1.0,1.0,1.0,0.9816876724027658
440,2008_002221,jpeg_compression,medium,20.0,1,1,1,0,0,1.0,1.0,1.0,0.9812709148802389
440,2008_002221,jpeg_compression,severe,5.0,1,3,1,2,0,0.3333333333333333,1.0,0.5,0.6890867522193217
440,2008_002221,low_light,mild,0.6,1,1,1,0,0,1.0,1.0,1.0,0.9868293745907794
440,2008_002221,low_light,medium,0.35,1,1,1,0,0,1.0,1.0,1.0,0.9897736512574432
440,2008_002221,low_light,severe,0.15,1,1,1,0,0,1.0,1.0,1.0,0.9904490661538143
444,2008_002258,gaussian_noise,mild,10.0,1,1,0,1,1,0.0,0.0,0.0,0.0
444,2008_002258,gaussian_noise,medium,25.0,1,1,1,0,0,1.0,1.0,1.0,0.9825922235183822
444,2008_002258,gaussian_noise,severe,50.0,1,3,1,2,0,0.3333333333333333,1.0,0.5,0.9689933689554462
444,2008_002258,jpeg_compression,mild,50.0,1,2,0,2,1,0.0,0.0,0.0,0.0
444,2008_002258,jpeg_compression,medium,20.0,1,1,0,1,1,0.0,0.0,0.0,0.0
444,2008_002258,jpeg_compression,severe,5.0,1,1,0,1,1,0.0,0.0,0.0,0.0
444,2008_002258,low_light,mild,0.6,1,1,0,1,1,0.0,0.0,0.0,0.0
444,2008_002258,low_light,medium,0.35,1,1,0,1,1,0.0,0.0,0.0,0.0
444,2008_002258,low_light,severe,0.15,1,2,1,1,0,0.5,1.0,0.6666666666666666,0.9779597319871596
456,2008_002710,gaussian_noise,mild,10.0,1,1,1,0,0,1.0,1.0,1.0,0.983948014009246
456,2008_002710,gaussian_noise,medium,25.0,1,1,1,0,0,1.0,1.0,1.0,0.9851965942918691
456,2008_002710,gaussian_noise,severe,50.0,1,1,1,0,0,1.0,1.0,1.0,0.9856197399367687
456,2008_002710,jpeg_compression,mild,50.0,1,1,1,0,0,1.0,1.0,1.0,0.9791043972346233
456,2008_002710,jpeg_compression,medium,20.0,1,1,1,0,0,1.0,1.0,1.0,0.9740902292979321
456,2008_002710,jpeg_compression,severe,5.0,1,1,0,1,1,0.0,0.0,0.0,0.0
456,2008_002710,low_light,mild,0.6,1,1,1,0,0,1.0,1.0,1.0,0.9909915509207385
456,2008_002710,low_light,medium,0.35,1,1,1,0,0,1.0,1.0,1.0,0.9862903923260226
456,2008_002710,low_light,severe,0.15,1,1,1,0,0,1.0,1.0,1.0,0.977891027128429
469,2008_003060,gaussian_noise,mild,10.0,6,7,4,3,2,0.5714285714285714,0.6666666666666666,0.6153846153846153,0.8364343930332965
469,2008_003060,gaussian_noise,medium,25.0,6,6,2,4,4,0.3333333333333333,0.3333333333333333,0.3333333333333333,0.7453334460402943
469,2008_003060,gaussian_noise,severe,50.0,6,2,1,1,5,0.5,0.16666666666666666,0.25,0.9636965029774466
469,2008_003060,jpeg_compression,mild,50.0,6,6,4,2,2,0.6666666666666666,0.6666666666666666,0.6666666666666666,0.816236877792905
469,2008_003060,jpeg_compression,medium,20.0,6,5,4,1,2,0.8,0.6666666666666666,0.7272727272727272,0.8197082361270193
469,2008_003060,jpeg_compression,severe,5.0,6,1,0,1,6,0.0,0.0,0.0,0.0
469,2008_003060,low_light,mild,0.6,6,7,4,3,2,0.5714285714285714,0.6666666666666666,0.6153846153846153,0.8382917693470945
469,2008_003060,low_light,medium,0.35,6,7,4,3,2,0.5714285714285714,0.6666666666666666,0.6153846153846153,0.8347434962236583
469,2008_003060,low_light,severe,0.15,6,6,3,3,3,0.5,0.5,0.5,0.806049258788032
474,2008_003094,gaussian_noise,mild,10.0,4,5,3,2,1,0.6,0.75,0.6666666666666665,0.8974843780883672
474,2008_003094,gaussian_noise,medium,25.0,4,5,3,2,1,0.6,0.75,0.6666666666666665,0.8967347064435427
474,2008_003094,gaussian_noise,severe,50.0,4,3,0,3,4,0.0,0.0,0.0,0.0
474,2008_003094,jpeg_compression,mild,50.0,4,6,3,3,1,0.5,0.75,0.6,0.8999667905999148
474,2008_003094,jpeg_compression,medium,20.0,4,5,3,2,1,0.6,0.75,0.6666666666666665,0.8336988432367676
474,2008_003094,jpeg_compression,severe,5.0,4,1,0,1,4,0.0,0.0,0.0,0.0
474,2008_003094,low_light,mild,0.6,4,5,3,2,1,0.6,0.75,0.6666666666666665,0.9005928084490143
474,2008_003094,low_light,medium,0.35,4,6,3,3,1,0.5,0.75,0.6,0.8975515033872865
474,2008_003094,low_light,severe,0.15,4,5,2,3,2,0.4,0.5,0.4444444444444445,0.927249155439491
490,2008_003523,gaussian_noise,mild,10.0,6,4,2,2,4,0.5,0.3333333333333333,0.4,0.8409347348700476
490,2008_003523,gaussian_noise,medium,25.0,6,3,1,2,5,0.3333333333333333,0.16666666666666666,0.2222222222222222,0.7691797492928534
490,2008_003523,gaussian_noise,severe,50.0,6,2,1,1,5,0.5,0.16666666666666666,0.25,0.8808666314149355
490,2008_003523,jpeg_compression,mild,50.0,6,2,1,1,5,0.5,0.16666666666666666,0.25,0.7713127088321262
490,2008_003523,jpeg_compression,medium,20.0,6,1,1,0,5,1.0,0.16666666666666666,0.2857142857142857,0.7673173182845374
490,2008_003523,jpeg_compression,severe,5.0,6,0,0,0,6,0.0,0.0,0.0,0.0
490,2008_003523,low_light,mild,0.6,6,3,2,1,4,0.6666666666666666,0.3333333333333333,0.4444444444444444,0.8537782142221733
490,2008_003523,low_light,medium,0.35,6,4,2,2,4,0.5,0.3333333333333333,0.4,0.8531605054385073
490,2008_003523,low_light,severe,0.15,6,6,3,3,3,0.5,0.5,0.5,0.8794940494667581
492,2008_003585,gaussian_noise,mild,10.0,1,4,1,3,0,0.25,1.0,0.4,0.9014417271139206
492,2008_003585,gaussian_noise,medium,25.0,1,5,1,4,0,0.2,1.0,0.33333333333333337,0.8929083446458392
492,2008_003585,gaussian_noise,severe,50.0,1,1,1,0,0,1.0,1.0,1.0,0.6600296703254659
492,2008_003585,jpeg_compression,mild,50.0,1,5,1,4,0,0.2,1.0,0.33333333333333337,0.8740013562984
492,2008_003585,jpeg_compression,medium,20.0,1,3,1,2,0,0.3333333333333333,1.0,0.5,0.8904463499407503
492,2008_003585,jpeg_compression,severe,5.0,1,1,1,0,0,1.0,1.0,1.0,0.6562686837155931
492,2008_003585,low_light,mild,0.6,1,5,1,4,0,0.2,1.0,0.33333333333333337,0.8834505750527234
492,2008_003585,low_light,medium,0.35,1,4,1,3,0,0.25,1.0,0.4,0.878538287403235
492,2008_003585,low_light,severe,0.15,1,3,1,2,0,0.3333333333333333,1.0,0.5,0.8793359641360559
520,2008_004547,gaussian_noise,mild,10.0,1,1,1,0,0,1.0,1.0,1.0,0.9407802216945296
520,2008_004547,gaussian_noise,medium,25.0,1,1,1,0,0,1.0,1.0,1.0,0.5910154144949498
520,2008_004547,gaussian_noise,severe,50.0,1,0,0,0,1,0.0,0.0,0.0,0.0
520,2008_004547,jpeg_compression,mild,50.0,1,1,1,0,0,1.0,1.0,1.0,0.8486435301739961
520,2008_004547,jpeg_compression,medium,20.0,1,2,1,1,0,0.5,1.0,0.6666666666666666,0.8941032070305355
520,2008_004547,jpeg_compression,severe,5.0,1,0,0,0,1,0.0,0.0,0.0,0.0
520,2008_004547,low_light,mild,0.6,1,1,1,0,0,1.0,1.0,1.0,0.9477177811204002
520,2008_004547,low_light,medium,0.35,1,1,1,0,0,1.0,1.0,1.0,0.938794731613293
520,2008_004547,low_light,severe,0.15,1,1,1,0,0,1.0,1.0,1.0,0.8497056368087545
544,2008_005300,gaussian_noise,mild,10.0,1,1,1,0,0,1.0,1.0,1.0,0.9522410678633768
544,2008_005300,gaussian_noise,medium,25.0,1,2,1,1,0,0.5,1.0,0.6666666666666666,0.9790536268266273
544,2008_005300,gaussian_noise,severe,50.0,1,0,0,0,1,0.0,0.0,0.0,0.0
544,2008_005300,jpeg_compression,mild,50.0,1,1,1,0,0,1.0,1.0,1.0,0.9718610193559966
544,2008_005300,jpeg_compression,medium,20.0,1,1,1,0,0,1.0,1.0,1.0,0.9500460255345274
544,2008_005300,jpeg_compression,severe,5.0,1,0,0,0,1,0.0,0.0,0.0,0.0
544,2008_005300,low_light,mild,0.6,1,1,1,0,0,1.0,1.0,1.0,0.9569469862855875
544,2008_005300,low_light,medium,0.35,1,1,1,0,0,1.0,1.0,1.0,0.9545801821894279
544,2008_005300,low_light,severe,0.15,1,2,1,1,0,0.5,1.0,0.6666666666666666,0.954305566822218
545,2008_005321,gaussian_noise,mild,10.0,1,3,1,2,0,0.3333333333333333,1.0,0.5,0.8508995411785567
545,2008_005321,gaussian_noise,medium,25.0,1,1,1,0,0,1.0,1.0,1.0,0.8712852106194489
545,2008_005321,gaussian_noise,severe,50.0,1,3,0,3,1,0.0,0.0,0.0,0.0
545,2008_005321,jpeg_compression,mild,50.0,1,1,1,0,0,1.0,1.0,1.0,0.7273988368630123
545,2008_005321,jpeg_compression,medium,20.0,1,1,1,0,0,1.0,1.0,1.0,0.5677579688807026
545,2008_005321,jpeg_compression,severe,5.0,1,2,0,2,1,0.0,0.0,0.0,0.0
545,2008_005321,low_light,mild,0.6,1,2,1,1,0,0.5,1.0,0.6666666666666666,0.7566086564346317
545,2008_005321,low_light,medium,0.35,1,2,1,1,0,0.5,1.0,0.6666666666666666,0.7466965970264458
545,2008_005321,low_light,severe,0.15,1,1,1,0,0,1.0,1.0,1.0,0.8156048440191955
552,2008_005600,gaussian_noise,mild,10.0,2,3,2,1,0,0.6666666666666666,1.0,0.8,0.7599527823691625
552,2008_005600,gaussian_noise,medium,25.0,2,2,1,1,1,0.5,0.5,0.5,0.6360006470028393
552,2008_005600,gaussian_noise,severe,50.0,2,3,0,3,2,0.0,0.0,0.0,0.0
552,2008_005600,jpeg_compression,mild,50.0,2,3,2,1,0,0.6666666666666666,1.0,0.8,0.7639646223228729
552,2008_005600,jpeg_compression,medium,20.0,2,4,2,2,0,0.5,1.0,0.6666666666666666,0.6268543733489
552,2008_005600,jpeg_compression,severe,5.0,2,0,0,0,2,0.0,0.0,0.0,0.0
552,2008_005600,low_light,mild,0.6,2,3,2,1,0,0.6666666666666666,1.0,0.8,0.756527025637449
552,2008_005600,low_light,medium,0.35,2,2,2,0,0,1.0,1.0,1.0,0.5965935782882944
552,2008_005600,low_light,severe,0.15,2,2,2,0,0,1.0,1.0,1.0,0.5553796575470327
556,2008_005679,gaussian_noise,mild,10.0,1,1,1,0,0,1.0,1.0,1.0,0.9650143346132233
556,2008_005679,gaussian_noise,medium,25.0,1,1,0,1,1,0.0,0.0,0.0,0.0
556,2008_005679,gaussian_noise,severe,50.0,1,0,0,0,1,0.0,0.0,0.0,0.0
556,2008_005679,jpeg_compression,mild,50.0,1,1,1,0,0,1.0,1.0,1.0,0.940529682710353
556,2008_005679,jpeg_compression,medium,20.0,1,0,0,0,1,0.0,0.0,0.0,0.0
556,2008_005679,jpeg_compression,severe,5.0,1,0,0,0,1,0.0,0.0,0.0,0.0
556,2008_005679,low_light,mild,0.6,1,1,1,0,0,1.0,1.0,1.0,0.9079456602191769
556,2008_005679,low_light,medium,0.35,1,1,1,0,0,1.0,1.0,1.0,0.9333431552657093
556,2008_005679,low_light,severe,0.15,1,1,1,0,0,1.0,1.0,1.0,0.9207509397780955
565,2008_005843,gaussian_noise,mild,10.0,1,2,1,1,0,0.5,1.0,0.6666666666666666,0.9793927091795005
565,2008_005843,gaussian_noise,medium,25.0,1,1,0,1,1,0.0,0.0,0.0,0.0
565,2008_005843,gaussian_noise,severe,50.0,1,1,0,1,1,0.0,0.0,0.0,0.0
565,2008_005843,jpeg_compression,mild,50.0,1,2,1,1,0,0.5,1.0,0.6666666666666666,0.9440502518623979
565,2008_005843,jpeg_compression,medium,20.0,1,2,1,1,0,0.5,1.0,0.6666666666666666,0.944541219150455
565,2008_005843,jpeg_compression,severe,5.0,1,3,0,3,1,0.0,0.0,0.0,0.0
565,2008_005843,low_light,mild,0.6,1,2,1,1,0,0.5,1.0,0.6666666666666666,0.9668337566774549
565,2008_005843,low_light,medium,0.35,1,2,1,1,0,0.5,1.0,0.6666666666666666,0.9772804916734286
565,2008_005843,low_light,severe,0.15,1,3,1,2,0,0.3333333333333333,1.0,0.5,0.9859147193539389
588,2008_006482,gaussian_noise,mild,10.0,2,6,2,4,0,0.3333333333333333,1.0,0.5,0.9372757109374652
588,2008_006482,gaussian_noise,medium,25.0,2,4,2,2,0,0.5,1.0,0.6666666666666666,0.9459789178115245
588,2008_006482,gaussian_noise,severe,50.0,2,1,1,0,1,1.0,0.5,0.6666666666666666,0.936405381441252
588,2008_006482,jpeg_compression,mild,50.0,2,6,2,4,0,0.3333333333333333,1.0,0.5,0.9417211773971789
588,2008_006482,jpeg_compression,medium,20.0,2,6,2,4,0,0.3333333333333333,1.0,0.5,0.9276585681431502
588,2008_006482,jpeg_compression,severe,5.0,2,0,0,0,2,0.0,0.0,0.0,0.0
588,2008_006482,low_light,mild,0.6,2,8,2,6,0,0.25,1.0,0.4,0.9331923041515252
588,2008_006482,low_light,medium,0.35,2,9,2,7,0,0.2222222222222222,1.0,0.3636363636363636,0.9309170979351307
588,2008_006482,low_light,severe,0.15,2,4,2,2,0,0.5,1.0,0.6666666666666666,0.9298554850803249
613,2008_007428,gaussian_noise,mild,10.0,3,1,0,1,3,0.0,0.0,0.0,0.0
613,2008_007428,gaussian_noise,medium,25.0,3,1,0,1,3,0.0,0.0,0.0,0.0
613,2008_007428,gaussian_noise,severe,50.0,3,0,0,0,3,0.0,0.0,0.0,0.0
613,2008_007428,jpeg_compression,mild,50.0,3,1,0,1,3,0.0,0.0,0.0,0.0
613,2008_007428,jpeg_compression,medium,20.0,3,0,0,0,3,0.0,0.0,0.0,0.0
613,2008_007428,jpeg_compression,severe,5.0,3,0,0,0,3,0.0,0.0,0.0,0.0
613,2008_007428,low_light,mild,0.6,3,3,2,1,1,0.6666666666666666,0.6666666666666666,0.6666666666666666,0.791220136339382
613,2008_007428,low_light,medium,0.35,3,1,1,0,2,1.0,0.3333333333333333,0.5,0.8461403973508624
613,2008_007428,low_light,severe,0.15,3,0,0,0,3,0.0,0.0,0.0,0.0
637,2009_000006,gaussian_noise,mild,10.0,1,1,1,0,0,1.0,1.0,1.0,0.9625809440038334
637,2009_000006,gaussian_noise,medium,25.0,1,1,1,0,0,1.0,1.0,1.0,0.9526530249499582
637,2009_000006,gaussian_noise,severe,50.0,1,0,0,0,1,0.0,0.0,0.0,0.0
637,2009_000006,jpeg_compression,mild,50.0,1,1,1,0,0,1.0,1.0,1.0,0.9703885065261546
637,2009_000006,jpeg_compression,medium,20.0,1,1,1,0,0,1.0,1.0,1.0,0.961925115629898
637,2009_000006,jpeg_compression,severe,5.0,1,0,0,0,1,0.0,0.0,0.0,0.0
637,2009_000006,low_light,mild,0.6,1,1,1,0,0,1.0,1.0,1.0,0.9657887379108933
637,2009_000006,low_light,medium,0.35,1,1,1,0,0,1.0,1.0,1.0,0.963531509437338
637,2009_000006,low_light,severe,0.15,1,1,1,0,0,1.0,1.0,1.0,0.9450802611965979
664,2009_000553,gaussian_noise,mild,10.0,1,1,1,0,0,1.0,1.0,1.0,0.9586840224583937
664,2009_000553,gaussian_noise,medium,25.0,1,2,1,1,0,0.5,1.0,0.6666666666666666,0.9754185305574342
664,2009_000553,gaussian_noise,severe,50.0,1,0,0,0,1,0.0,0.0,0.0,0.0
664,2009_000553,jpeg_compression,mild,50.0,1,1,1,0,0,1.0,1.0,1.0,0.9682429504441791
664,2009_000553,jpeg_compression,medium,20.0,1,1,0,1,1,0.0,0.0,0.0,0.0
664,2009_000553,jpeg_compression,severe,5.0,1,0,0,0,1,0.0,0.0,0.0,0.0
664,2009_000553,low_light,mild,0.6,1,2,1,1,0,0.5,1.0,0.6666666666666666,0.9649933682425041
664,2009_000553,low_light,medium,0.35,1,1,1,0,0,1.0,1.0,1.0,0.9615764097117091
664,2009_000553,low_light,severe,0.15,1,1,1,0,0,1.0,1.0,1.0,0.9625287129213893
691,2009_001085,gaussian_noise,mild,10.0,2,1,1,0,1,1.0,0.5,0.6666666666666666,0.9223792345737962
691,2009_001085,gaussian_noise,medium,25.0,2,1,1,0,1,1.0,0.5,0.6666666666666666,0.9334188890295795
691,2009_001085,gaussian_noise,severe,50.0,2,0,0,0,2,0.0,0.0,0.0,0.0
691,2009_001085,jpeg_compression,mild,50.0,2,1,1,0,1,1.0,0.5,0.6666666666666666,0.9378501793995049
691,2009_001085,jpeg_compression,medium,20.0,2,0,0,0,2,0.0,0.0,0.0,0.0
691,2009_001085,jpeg_compression,severe,5.0,2,1,0,1,2,0.0,0.0,0.0,0.0
691,2009_001085,low_light,mild,0.6,2,1,1,0,1,1.0,0.5,0.6666666666666666,0.9054221818148701
691,2009_001085,low_light,medium,0.35,2,1,1,0,1,1.0,0.5,0.6666666666666666,0.9018959804822564
691,2009_001085,low_light,severe,0.15,2,2,1,1,1,0.5,0.5,0.5,0.9214282968046665
699,2009_001140,gaussian_noise,mild,10.0,2,2,2,0,0,1.0,1.0,1.0,0.902047180821655
699,2009_001140,gaussian_noise,medium,25.0,2,3,2,1,0,0.6666666666666666,1.0,0.8,0.8947024301469351
699,2009_001140,gaussian_noise,severe,50.0,2,4,2,2,0,0.5,1.0,0.6666666666666666,0.8861477066792074
699,2009_001140,jpeg_compression,mild,50.0,2,2,2,0,0,1.0,1.0,1.0,0.8739425686968272
699,2009_001140,jpeg_compression,medium,20.0,2,2,2,0,0,1.0,1.0,1.0,0.8653701758151437
699,2009_001140,jpeg_compression,severe,5.0,2,0,0,0,2,0.0,0.0,0.0,0.0
699,2009_001140,low_light,mild,0.6,2,2,2,0,0,1.0,1.0,1.0,0.9062861797374908
699,2009_001140,low_light,medium,0.35,2,2,2,0,0,1.0,1.0,1.0,0.8995983088966515
699,2009_001140,low_light,severe,0.15,2,2,2,0,0,1.0,1.0,1.0,0.8918453985037267
704,2009_001197,gaussian_noise,mild,10.0,4,6,3,3,1,0.5,0.75,0.6,0.8047494829193659
704,2009_001197,gaussian_noise,medium,25.0,4,3,2,1,2,0.6666666666666666,0.5,0.5714285714285715,0.9019743791655668
704,2009_001197,gaussian_noise,severe,50.0,4,2,1,1,3,0.5,0.25,0.3333333333333333,0.7171087696037092
704,2009_001197,jpeg_compression,mild,50.0,4,4,3,1,1,0.75,0.75,0.75,0.7549282248127667
704,2009_001197,jpeg_compression,medium,20.0,4,4,2,2,2,0.5,0.5,0.5,0.8211166139194592
704,2009_001197,jpeg_compression,severe,5.0,4,3,1,2,3,0.3333333333333333,0.25,0.28571428571428575,0.8966144429850856
704,2009_001197,low_light,mild,0.6,4,5,3,2,1,0.6,0.75,0.6666666666666665,0.8081001550783379
704,2009_001197,low_light,medium,0.35,4,5,3,2,1,0.6,0.75,0.6666666666666665,0.8080770042389046
704,2009_001197,low_light,severe,0.15,4,4,2,2,2,0.5,0.5,0.5,0.8961434020788588
705,2009_001203,gaussian_noise,mild,10.0,1,1,1,0,0,1.0,1.0,1.0,0.9700131469223782
705,2009_001203,gaussian_noise,medium,25.0,1,1,1,0,0,1.0,1.0,1.0,0.9613321185686315
705,2009_001203,gaussian_noise,severe,50.0,1,1,0,1,1,0.0,0.0,0.0,0.0
705,2009_001203,jpeg_compression,mild,50.0,1,2,1,1,0,0.5,1.0,0.6666666666666666,0.9586989889237462
705,2009_001203,jpeg_compression,medium,20.0,1,1,1,0,0,1.0,1.0,1.0,0.910018451895129
705,2009_001203,jpeg_compression,severe,5.0,1,0,0,0,1,0.0,0.0,0.0,0.0
705,2009_001203,low_light,mild,0.6,1,2,1,1,0,0.5,1.0,0.6666666666666666,0.9707035024400735
705,2009_001203,low_light,medium,0.35,1,1,1,0,0,1.0,1.0,1.0,0.9643292229862727
705,2009_001203,low_light,severe,0.15,1,2,1,1,0,0.5,1.0,0.6666666666666666,0.9582889642155239
711,2009_001270,gaussian_noise,mild,10.0,1,1,1,0,0,1.0,1.0,1.0,0.6995997707491508
711,2009_001270,gaussian_noise,medium,25.0,1,1,1,0,0,1.0,1.0,1.0,0.8068676603118874
711,2009_001270,gaussian_noise,severe,50.0,1,0,0,0,1,0.0,0.0,0.0,0.0
711,2009_001270,jpeg_compression,mild,50.0,1,3,1,2,0,0.3333333333333333,1.0,0.5,0.9673663994620765
711,2009_001270,jpeg_compression,medium,20.0,1,0,0,0,1,0.0,0.0,0.0,0.0
711,2009_001270,jpeg_compression,severe,5.0,1,0,0,0,1,0.0,0.0,0.0,0.0
711,2009_001270,low_light,mild,0.6,1,1,1,0,0,1.0,1.0,1.0,0.972091436554302
711,2009_001270,low_light,medium,0.35,1,1,1,0,0,1.0,1.0,1.0,0.97159097946524
711,2009_001270,low_light,severe,0.15,1,1,1,0,0,1.0,1.0,1.0,0.964522178729376
715,2009_001339,gaussian_noise,mild,10.0,5,6,4,2,1,0.6666666666666666,0.8,0.7272727272727272,0.8036052570089529
715,2009_001339,gaussian_noise,medium,25.0,5,4,2,2,3,0.5,0.4,0.4444444444444445,0.6087501750846991
715,2009_001339,gaussian_noise,severe,50.0,5,3,2,1,3,0.6666666666666666,0.4,0.5,0.5873628098063113
715,2009_001339,jpeg_compression,mild,50.0,5,8,5,3,0,0.625,1.0,0.7692307692307693,0.8414417167984389
715,2009_001339,jpeg_compression,medium,20.0,5,5,5,0,0,1.0,1.0,1.0,0.7953971801253369
715,2009_001339,jpeg_compression,severe,5.0,5,0,0,0,5,0.0,0.0,0.0,0.0
715,2009_001339,low_light,mild,0.6,5,8,5,3,0,0.625,1.0,0.7692307692307693,0.8556197750350865
715,2009_001339,low_light,medium,0.35,5,8,5,3,0,0.625,1.0,0.7692307692307693,0.8429466380309503
715,2009_001339,low_light,severe,0.15,5,7,4,3,1,0.5714285714285714,0.8,0.6666666666666666,0.8413130595499193
724,2009_001481,gaussian_noise,mild,10.0,2,1,1,0,1,1.0,0.5,0.6666666666666666,0.9596738643433375
724,2009_001481,gaussian_noise,medium,25.0,2,1,1,0,1,1.0,0.5,0.6666666666666666,0.9436576006012976
724,2009_001481,gaussian_noise,severe,50.0,2,1,1,0,1,1.0,0.5,0.6666666666666666,0.9068819102839842
724,2009_001481,jpeg_compression,mild,50.0,2,2,2,0,0,1.0,1.0,1.0,0.9318023530607996
724,2009_001481,jpeg_compression,medium,20.0,2,2,2,0,0,1.0,1.0,1.0,0.936879376951804
724,2009_001481,jpeg_compression,severe,5.0,2,2,1,1,1,0.5,0.5,0.5,0.8926219282408391
724,2009_001481,low_light,mild,0.6,2,2,2,0,0,1.0,1.0,1.0,0.9401183465246412
724,2009_001481,low_light,medium,0.35,2,2,2,0,0,1.0,1.0,1.0,0.9345314992558144
724,2009_001481,low_light,severe,0.15,2,2,2,0,0,1.0,1.0,1.0,0.9345380657479219
731,2009_001636,gaussian_noise,mild,10.0,2,3,2,1,0,0.6666666666666666,1.0,0.8,0.9551455724232858
731,2009_001636,gaussian_noise,medium,25.0,2,3,2,1,0,0.6666666666666666,1.0,0.8,0.8175094539957262
731,2009_001636,gaussian_noise,severe,50.0,2,0,0,0,2,0.0,0.0,0.0,0.0
731,2009_001636,jpeg_compression,mild,50.0,2,2,2,0,0,1.0,1.0,1.0,0.9422436471819449
731,2009_001636,jpeg_compression,medium,20.0,2,3,2,1,0,0.6666666666666666,1.0,0.8,0.8142392710862121
731,2009_001636,jpeg_compression,severe,5.0,2,0,0,0,2,0.0,0.0,0.0,0.0
731,2009_001636,low_light,mild,0.6,2,2,2,0,0,1.0,1.0,1.0,0.9458556461630392
731,2009_001636,low_light,medium,0.35,2,2,2,0,0,1.0,1.0,1.0,0.9580029462384805
731,2009_001636,low_light,severe,0.15,2,2,2,0,0,1.0,1.0,1.0,0.9553278516523935
732,2009_001640,gaussian_noise,mild,10.0,1,1,0,1,1,0.0,0.0,0.0,0.0
732,2009_001640,gaussian_noise,medium,25.0,1,1,0,1,1,0.0,0.0,0.0,0.0
732,2009_001640,gaussian_noise,severe,50.0,1,2,0,2,1,0.0,0.0,0.0,0.0
732,2009_001640,jpeg_compression,mild,50.0,1,1,1,0,0,1.0,1.0,1.0,0.9742175028430236
732,2009_001640,jpeg_compression,medium,20.0,1,1,1,0,0,1.0,1.0,1.0,0.9142954364913538
732,2009_001640,jpeg_compression,severe,5.0,1,0,0,0,1,0.0,0.0,0.0,0.0
732,2009_001640,low_light,mild,0.6,1,1,1,0,0,1.0,1.0,1.0,0.933115232325096
732,2009_001640,low_light,medium,0.35,1,1,0,1,1,0.0,0.0,0.0,0.0
732,2009_001640,low_light,severe,0.15,1,1,0,1,1,0.0,0.0,0.0,0.0
761,2009_002083,gaussian_noise,mild,10.0,2,9,2,7,0,0.2222222222222222,1.0,0.3636363636363636,0.5809666541259655
761,2009_002083,gaussian_noise,medium,25.0,2,7,1,6,1,0.14285714285714285,0.5,0.22222222222222224,0.9085779685647519
761,2009_002083,gaussian_noise,severe,50.0,2,0,0,0,2,0.0,0.0,0.0,0.0
761,2009_002083,jpeg_compression,mild,50.0,2,8,1,7,1,0.125,0.5,0.2,0.5472362910950324
761,2009_002083,jpeg_compression,medium,20.0,2,1,0,1,2,0.0,0.0,0.0,0.0
761,2009_002083,jpeg_compression,severe,5.0,2,0,0,0,2,0.0,0.0,0.0,0.0
761,2009_002083,low_light,mild,0.6,2,10,2,8,0,0.2,1.0,0.33333333333333337,0.5514154125225271
761,2009_002083,low_light,medium,0.35,2,9,2,7,0,0.2222222222222222,1.0,0.3636363636363636,0.5458249437489079
761,2009_002083,low_light,severe,0.15,2,8,2,6,0,0.25,1.0,0.4,0.548154427275047
800,2009_002763,gaussian_noise,mild,10.0,1,1,1,0,0,1.0,1.0,1.0,0.925929580965505
800,2009_002763,gaussian_noise,medium,25.0,1,1,1,0,0,1.0,1.0,1.0,0.9250358151933266
800,2009_002763,gaussian_noise,severe,50.0,1,2,1,1,0,0.5,1.0,0.6666666666666666,0.6014142565558279
800,2009_002763,jpeg_compression,mild,50.0,1,1,1,0,0,1.0,1.0,1.0,0.9354354933745368
800,2009_002763,jpeg_compression,medium,20.0,1,1,1,0,0,1.0,1.0,1.0,0.9295034186259974
800,2009_002763,jpeg_compression,severe,5.0,1,0,0,0,1,0.0,0.0,0.0,0.0
800,2009_002763,low_light,mild,0.6,1,1,1,0,0,1.0,1.0,1.0,0.9431334516073283
800,2009_002763,low_light,medium,0.35,1,1,1,0,0,1.0,1.0,1.0,0.9500777054158276
800,2009_002763,low_light,severe,0.15,1,1,1,0,0,1.0,1.0,1.0,0.9479143720188233
837,2009_003317,gaussian_noise,mild,10.0,5,8,3,5,2,0.375,0.6,0.4615384615384615,0.8817770047210479
837,2009_003317,gaussian_noise,medium,25.0,5,0,0,0,5,0.0,0.0,0.0,0.0
837,2009_003317,gaussian_noise,severe,50.0,5,0,0,0,5,0.0,0.0,0.0,0.0
837,2009_003317,jpeg_compression,mild,50.0,5,7,2,5,3,0.2857142857142857,0.4,0.3333333333333333,0.950354979122376
837,2009_003317,jpeg_compression,medium,20.0,5,1,0,1,5,0.0,0.0,0.0,0.0
837,2009_003317,jpeg_compression,severe,5.0,5,0,0,0,5,0.0,0.0,0.0,0.0
837,2009_003317,low_light,mild,0.6,5,9,3,6,2,0.3333333333333333,0.6,0.42857142857142855,0.8991380831223661
837,2009_003317,low_light,medium,0.35,5,9,3,6,2,0.3333333333333333,0.6,0.42857142857142855,0.9026236109191969
837,2009_003317,low_light,severe,0.15,5,10,3,7,2,0.3,0.6,0.4,0.8040956607775535
859,2009_003736,gaussian_noise,mild,10.0,1,1,1,0,0,1.0,1.0,1.0,0.9711828994237605
859,2009_003736,gaussian_noise,medium,25.0,1,1,1,0,0,1.0,1.0,1.0,0.9628211330399941
859,2009_003736,gaussian_noise,severe,50.0,1,1,1,0,0,1.0,1.0,1.0,0.8259842488934217
859,2009_003736,jpeg_compression,mild,50.0,1,1,1,0,0,1.0,1.0,1.0,0.9711818223122097
859,2009_003736,jpeg_compression,medium,20.0,1,1,1,0,0,1.0,1.0,1.0,0.9629149444788786
859,2009_003736,jpeg_compression,severe,5.0,1,0,0,0,1,0.0,0.0,0.0,0.0
859,2009_003736,low_light,mild,0.6,1,1,1,0,0,1.0,1.0,1.0,0.9731522814518943
859,2009_003736,low_light,medium,0.35,1,1,1,0,0,1.0,1.0,1.0,0.9711232139110451
859,2009_003736,low_light,severe,0.15,1,1,1,0,0,1.0,1.0,1.0,0.9705226514220388
860,2009_003757,gaussian_noise,mild,10.0,7,4,3,1,4,0.75,0.42857142857142855,0.5454545454545454,0.888857364765081
860,2009_003757,gaussian_noise,medium,25.0,7,3,3,0,4,1.0,0.42857142857142855,0.6,0.8650694033239997
860,2009_003757,gaussian_noise,severe,50.0,7,2,0,2,7,0.0,0.0,0.0,0.0
860,2009_003757,jpeg_compression,mild,50.0,7,5,3,2,4,0.6,0.42857142857142855,0.5,0.9085797850330027
860,2009_003757,jpeg_compression,medium,20.0,7,4,3,1,4,0.75,0.42857142857142855,0.5454545454545454,0.8986879552480461
860,2009_003757,jpeg_compression,severe,5.0,7,3,3,0,4,1.0,0.42857142857142855,0.6,0.8418166019878791
860,2009_003757,low_light,mild,0.6,7,4,3,1,4,0.75,0.42857142857142855,0.5454545454545454,0.9085010574474729
860,2009_003757,low_light,medium,0.35,7,4,3,1,4,0.75,0.42857142857142855,0.5454545454545454,0.9090907996501495
860,2009_003757,low_light,severe,0.15,7,4,3,1,4,0.75,0.42857142857142855,0.5454545454545454,0.843251056167465
903,2009_004446,gaussian_noise,mild,10.0,5,7,3,4,2,0.42857142857142855,0.6,0.5,0.9228406022728716
903,2009_004446,gaussian_noise,medium,25.0,5,6,2,4,3,0.3333333333333333,0.4,0.3636363636363636,0.7526412379196831
903,2009_004446,gaussian_noise,severe,50.0,5,0,0,0,5,0.0,0.0,0.0,0.0
903,2009_004446,jpeg_compression,mild,50.0,5,5,3,2,2,0.6,0.6,0.6,0.9194246210274821
903,2009_004446,jpeg_compression,medium,20.0,5,4,3,1,2,0.75,0.6,0.6666666666666665,0.7399849827907089
903,2009_004446,jpeg_compression,severe,5.0,5,4,1,3,4,0.25,0.2,0.22222222222222224,0.5251285850374101
903,2009_004446,low_light,mild,0.6,5,5,3,2,2,0.6,0.6,0.6,0.9258578050735657
903,2009_004446,low_light,medium,0.35,5,4,3,1,2,0.75,0.6,0.6666666666666665,0.9329308486547152
903,2009_004446,low_light,severe,0.15,5,4,3,1,2,0.75,0.6,0.6666666666666665,0.9274111849954831
908,2009_004561,gaussian_noise,mild,10.0,2,3,2,1,0,0.6666666666666666,1.0,0.8,0.9599684851952967
908,2009_004561,gaussian_noise,medium,25.0,2,2,2,0,0,1.0,1.0,1.0,0.934881327636304
908,2009_004561,gaussian_noise,severe,50.0,2,1,1,0,1,1.0,0.5,0.6666666666666666,0.9560236378504414
908,2009_004561,jpeg_compression,mild,50.0,2,2,2,0,0,1.0,1.0,1.0,0.9657795322763005
908,2009_004561,jpeg_compression,medium,20.0,2,2,2,0,0,1.0,1.0,1.0,0.895473618134689
908,2009_004561,jpeg_compression,severe,5.0,2,3,1,2,1,0.3333333333333333,0.5,0.4,0.9886921522168061
908,2009_004561,low_light,mild,0.6,2,2,2,0,0,1.0,1.0,1.0,0.9593904351755609
908,2009_004561,low_light,medium,0.35,2,3,2,1,0,0.6666666666666666,1.0,0.8,0.9584170028591389
908,2009_004561,low_light,severe,0.15,2,2,2,0,0,1.0,1.0,1.0,0.9625802882739585
926,2009_004980,gaussian_noise,mild,10.0,1,1,1,0,0,1.0,1.0,1.0,0.9604594486114997
926,2009_004980,gaussian_noise,medium,25.0,1,1,1,0,0,1.0,1.0,1.0,0.9452571992959209
926,2009_004980,gaussian_noise,severe,50.0,1,2,1,1,0,0.5,1.0,0.6666666666666666,0.9573993076728937
926,2009_004980,jpeg_compression,mild,50.0,1,1,1,0,0,1.0,1.0,1.0,0.9568791272713731
926,2009_004980,jpeg_compression,medium,20.0,1,1,1,0,0,1.0,1.0,1.0,0.9529424561558627
926,2009_004980,jpeg_compression,severe,5.0,1,0,0,0,1,0.0,0.0,0.0,0.0
926,2009_004980,low_light,mild,0.6,1,1,1,0,0,1.0,1.0,1.0,0.9605699200226383
926,2009_004980,low_light,medium,0.35,1,1,1,0,0,1.0,1.0,1.0,0.9620103581880733
926,2009_004980,low_light,severe,0.15,1,1,1,0,0,1.0,1.0,1.0,0.9685200554061487
937,2009_005107,gaussian_noise,mild,10.0,1,1,1,0,0,1.0,1.0,1.0,0.8937809296323599
937,2009_005107,gaussian_noise,medium,25.0,1,2,1,1,0,0.5,1.0,0.6666666666666666,0.9273049656053277
937,2009_005107,gaussian_noise,severe,50.0,1,1,0,1,1,0.0,0.0,0.0,0.0
937,2009_005107,jpeg_compression,mild,50.0,1,1,1,0,0,1.0,1.0,1.0,0.8762350915057509
937,2009_005107,jpeg_compression,medium,20.0,1,2,0,2,1,0.0,0.0,0.0,0.0
937,2009_005107,jpeg_compression,severe,5.0,1,1,0,1,1,0.0,0.0,0.0,0.0
937,2009_005107,low_light,mild,0.6,1,1,1,0,0,1.0,1.0,1.0,0.9563637151893524
937,2009_005107,low_light,medium,0.35,1,1,1,0,0,1.0,1.0,1.0,0.9397865172100676
937,2009_005107,low_light,severe,0.15,1,1,1,0,0,1.0,1.0,1.0,0.8831314107056975
949,2009_005247,gaussian_noise,mild,10.0,2,2,2,0,0,1.0,1.0,1.0,0.797744923638261
949,2009_005247,gaussian_noise,medium,25.0,2,3,2,1,0,0.6666666666666666,1.0,0.8,0.7621025605532936
949,2009_005247,gaussian_noise,severe,50.0,2,2,1,1,1,0.5,0.5,0.5,0.943196153191051
949,2009_005247,jpeg_compression,mild,50.0,2,2,2,0,0,1.0,1.0,1.0,0.748364224061574
949,2009_005247,jpeg_compression,medium,20.0,2,3,2,1,0,0.6666666666666666,1.0,0.8,0.9304572279343222
949,2009_005247,jpeg_compression,severe,5.0,2,0,0,0,2,0.0,0.0,0.0,0.0
949,2009_005247,low_light,mild,0.6,2,2,2,0,0,1.0,1.0,1.0,0.8241850676904582
949,2009_005247,low_light,medium,0.35,2,2,2,0,0,1.0,1.0,1.0,0.8114061974671818
949,2009_005247,low_light,severe,0.15,2,2,2,0,0,1.0,1.0,1.0,0.8087127836757971
966,2010_000285,gaussian_noise,mild,10.0,1,1,1,0,0,1.0,1.0,1.0,0.9744918882389954
966,2010_000285,gaussian_noise,medium,25.0,1,1,1,0,0,1.0,1.0,1.0,0.9766410692490954
966,2010_000285,gaussian_noise,severe,50.0,1,0,0,0,1,0.0,0.0,0.0,0.0
966,2010_000285,jpeg_compression,mild,50.0,1,1,1,0,0,1.0,1.0,1.0,0.9698484839334088
966,2010_000285,jpeg_compression,medium,20.0,1,1,1,0,0,1.0,1.0,1.0,0.9685227075895176
966,2010_000285,jpeg_compression,severe,5.0,1,2,0,2,1,0.0,0.0,0.0,0.0
966,2010_000285,low_light,mild,0.6,1,1,1,0,0,1.0,1.0,1.0,0.9792573579853371
966,2010_000285,low_light,medium,0.35,1,1,1,0,0,1.0,1.0,1.0,0.9780871580483999
966,2010_000285,low_light,severe,0.15,1,1,1,0,0,1.0,1.0,1.0,0.9733855547084934
979,2010_000588,gaussian_noise,mild,10.0,4,3,2,1,2,0.6666666666666666,0.5,0.5714285714285715,0.9077941673236671
979,2010_000588,gaussian_noise,medium,25.0,4,4,2,2,2,0.5,0.5,0.5,0.95500642122109
979,2010_000588,gaussian_noise,severe,50.0,4,1,0,1,4,0.0,0.0,0.0,0.0
979,2010_000588,jpeg_compression,mild,50.0,4,3,2,1,2,0.6666666666666666,0.5,0.5714285714285715,0.9187721139440013
979,2010_000588,jpeg_compression,medium,20.0,4,1,0,1,4,0.0,0.0,0.0,0.0
979,2010_000588,jpeg_compression,severe,5.0,4,0,0,0,4,0.0,0.0,0.0,0.0
979,2010_000588,low_light,mild,0.6,4,4,3,1,1,0.75,0.75,0.75,0.8511413575099294
979,2010_000588,low_light,medium,0.35,4,4,3,1,1,0.75,0.75,0.75,0.84926166603152
979,2010_000588,low_light,severe,0.15,4,5,4,1,0,0.8,1.0,0.888888888888889,0.8642215518537449
1039,2010_001852,gaussian_noise,mild,10.0,2,2,2,0,0,1.0,1.0,1.0,0.9826584317650147
1039,2010_001852,gaussian_noise,medium,25.0,2,2,1,1,1,0.5,0.5,0.5,0.9780105945866121
1039,2010_001852,gaussian_noise,severe,50.0,2,3,0,3,2,0.0,0.0,0.0,0.0
1039,2010_001852,jpeg_compression,mild,50.0,2,2,2,0,0,1.0,1.0,1.0,0.9810236247172852
1039,2010_001852,jpeg_compression,medium,20.0,2,2,1,1,1,0.5,0.5,0.5,0.9768916356540235
1039,2010_001852,jpeg_compression,severe,5.0,2,0,0,0,2,0.0,0.0,0.0,0.0
1039,2010_001852,low_light,mild,0.6,2,2,2,0,0,1.0,1.0,1.0,0.9808348536416162
1039,2010_001852,low_light,medium,0.35,2,2,2,0,0,1.0,1.0,1.0,0.9815727921079611
1039,2010_001852,low_light,severe,0.15,2,2,2,0,0,1.0,1.0,1.0,0.9831936842638591
1043,2010_001933,gaussian_noise,mild,10.0,2,1,1,0,1,1.0,0.5,0.6666666666666666,0.9567735659036302
1043,2010_001933,gaussian_noise,medium,25.0,2,1,1,0,1,1.0,0.5,0.6666666666666666,0.9530617528671096
1043,2010_001933,gaussian_noise,severe,50.0,2,0,0,0,2,0.0,0.0,0.0,0.0
1043,2010_001933,jpeg_compression,mild,50.0,2,1,1,0,1,1.0,0.5,0.6666666666666666,0.9583180751664383
1043,2010_001933,jpeg_compression,medium,20.0,2,1,1,0,1,1.0,0.5,0.6666666666666666,0.9610253539777551
1043,2010_001933,jpeg_compression,severe,5.0,2,0,0,0,2,0.0,0.0,0.0,0.0
1043,2010_001933,low_light,mild,0.6,2,2,2,0,0,1.0,1.0,1.0,0.9681797817176064
1043,2010_001933,low_light,medium,0.35,2,2,2,0,0,1.0,1.0,1.0,0.9683520883288379
1043,2010_001933,low_light,severe,0.15,2,1,1,0,1,1.0,0.5,0.6666666666666666,0.9637246586342821
1048,2010_002032,gaussian_noise,mild,10.0,6,11,5,6,1,0.45454545454545453,0.8333333333333334,0.5882352941176471,0.8090356219610984
1048,2010_002032,gaussian_noise,medium,25.0,6,8,3,5,3,0.375,0.5,0.42857142857142855,0.8387537298403327
1048,2010_002032,gaussian_noise,severe,50.0,6,0,0,0,6,0.0,0.0,0.0,0.0
1048,2010_002032,jpeg_compression,mild,50.0,6,11,5,6,1,0.45454545454545453,0.8333333333333334,0.5882352941176471,0.8094553079139482
1048,2010_002032,jpeg_compression,medium,20.0,6,8,4,4,2,0.5,0.6666666666666666,0.5714285714285715,0.824608120264847
1048,2010_002032,jpeg_compression,severe,5.0,6,0,0,0,6,0.0,0.0,0.0,0.0
1048,2010_002032,low_light,mild,0.6,6,11,4,7,2,0.36363636363636365,0.6666666666666666,0.4705882352941177,0.888761101609828
1048,2010_002032,low_light,medium,0.35,6,12,4,8,2,0.3333333333333333,0.6666666666666666,0.4444444444444444,0.8881302480046106
1048,2010_002032,low_light,severe,0.15,6,8,4,4,2,0.5,0.6666666666666666,0.5714285714285715,0.8971130520192363
1059,2010_002203,gaussian_noise,mild,10.0,1,2,1,1,0,0.5,1.0,0.6666666666666666,0.9751924579829051
1059,2010_002203,gaussian_noise,medium,25.0,1,1,1,0,0,1.0,1.0,1.0,0.9707054159400919
1059,2010_002203,gaussian_noise,severe,50.0,1,1,0,1,1,0.0,0.0,0.0,0.0
1059,2010_002203,jpeg_compression,mild,50.0,1,1,1,0,0,1.0,1.0,1.0,0.965270485698337
1059,2010_002203,jpeg_compression,medium,20.0,1,1,1,0,0,1.0,1.0,1.0,0.9634007804721574
1059,2010_002203,jpeg_compression,severe,5.0,1,1,0,1,1,0.0,0.0,0.0,0.0
1059,2010_002203,low_light,mild,0.6,1,2,1,1,0,0.5,1.0,0.6666666666666666,0.9756525410796035
1059,2010_002203,low_light,medium,0.35,1,1,1,0,0,1.0,1.0,1.0,0.975556551515499
1059,2010_002203,low_light,severe,0.15,1,1,1,0,0,1.0,1.0,1.0,0.980360908727444
1085,2010_002733,gaussian_noise,mild,10.0,1,1,1,0,0,1.0,1.0,1.0,0.7339014963172912
1085,2010_002733,gaussian_noise,medium,25.0,1,0,0,0,1,0.0,0.0,0.0,0.0
1085,2010_002733,gaussian_noise,severe,50.0,1,0,0,0,1,0.0,0.0,0.0,0.0
1085,2010_002733,jpeg_compression,mild,50.0,1,1,1,0,0,1.0,1.0,1.0,0.7500246833107284
1085,2010_002733,jpeg_compression,medium,20.0,1,1,1,0,0,1.0,1.0,1.0,0.757353964650104
1085,2010_002733,jpeg_compression,severe,5.0,1,0,0,0,1,0.0,0.0,0.0,0.0
1085,2010_002733,low_light,mild,0.6,1,1,1,0,0,1.0,1.0,1.0,0.7409728593254921
1085,2010_002733,low_light,medium,0.35,1,1,1,0,0,1.0,1.0,1.0,0.7465848533429366
1085,2010_002733,low_light,severe,0.15,1,1,1,0,0,1.0,1.0,1.0,0.739836868734435
1103,2010_003017,gaussian_noise,mild,10.0,10,6,4,2,6,0.6666666666666666,0.4,0.5,0.7710014116531525
1103,2010_003017,gaussian_noise,medium,25.0,10,3,1,2,9,0.3333333333333333,0.1,0.15384615384615383,0.7399379878069675
1103,2010_003017,gaussian_noise,severe,50.0,10,1,0,1,10,0.0,0.0,0.0,0.0
1103,2010_003017,jpeg_compression,mild,50.0,10,10,4,6,6,0.4,0.4,0.4000000000000001,0.844876813173148
1103,2010_003017,jpeg_compression,medium,20.0,10,5,4,1,6,0.8,0.4,0.5333333333333333,0.744223495739212
1103,2010_003017,jpeg_compression,severe,5.0,10,1,0,1,10,0.0,0.0,0.0,0.0
1103,2010_003017,low_light,mild,0.6,10,7,6,1,4,0.8571428571428571,0.6,0.7058823529411764,0.7658692895296212
1103,2010_003017,low_light,medium,0.35,10,9,6,3,4,0.6666666666666666,0.6,0.631578947368421,0.8485594738815911
1103,2010_003017,low_light,severe,0.15,10,4,4,0,6,1.0,0.4,0.5714285714285715,0.791553883611609
1122,2010_003380,gaussian_noise,mild,10.0,1,1,1,0,0,1.0,1.0,1.0,0.9662028240668721
1122,2010_003380,gaussian_noise,medium,25.0,1,1,0,1,1,0.0,0.0,0.0,0.0
1122,2010_003380,gaussian_noise,severe,50.0,1,2,0,2,1,0.0,0.0,0.0,0.0
1122,2010_003380,jpeg_compression,mild,50.0,1,1,1,0,0,1.0,1.0,1.0,0.9580669124207345
1122,2010_003380,jpeg_compression,medium,20.0,1,1,1,0,0,1.0,1.0,1.0,0.9660726839678722
1122,2010_003380,jpeg_compression,severe,5.0,1,0,0,0,1,0.0,0.0,0.0,0.0
1122,2010_003380,low_light,mild,0.6,1,1,1,0,0,1.0,1.0,1.0,0.962021936619787
1122,2010_003380,low_light,medium,0.35,1,1,1,0,0,1.0,1.0,1.0,0.9533506399791097
1122,2010_003380,low_light,severe,0.15,1,1,1,0,0,1.0,1.0,1.0,0.9441143154907412
1123,2010_003383,gaussian_noise,mild,10.0,4,5,4,1,0,0.8,1.0,0.888888888888889,0.7343981880478799
1123,2010_003383,gaussian_noise,medium,25.0,4,0,0,0,4,0.0,0.0,0.0,0.0
1123,2010_003383,gaussian_noise,severe,50.0,4,1,0,1,4,0.0,0.0,0.0,0.0
1123,2010_003383,jpeg_compression,mild,50.0,4,4,4,0,0,1.0,1.0,1.0,0.775540374038691
1123,2010_003383,jpeg_compression,medium,20.0,4,8,3,5,1,0.375,0.75,0.5,0.6367998191249687
1123,2010_003383,jpeg_compression,severe,5.0,4,1,0,1,4,0.0,0.0,0.0,0.0
1123,2010_003383,low_light,mild,0.6,4,4,4,0,0,1.0,1.0,1.0,0.781738593889979
1123,2010_003383,low_light,medium,0.35,4,4,4,0,0,1.0,1.0,1.0,0.7835838753106897
1123,2010_003383,low_light,severe,0.15,4,7,4,3,0,0.5714285714285714,1.0,0.7272727272727273,0.7260234374168075
1128,2010_003634,gaussian_noise,mild,10.0,1,1,1,0,0,1.0,1.0,1.0,0.9454893563058149
1128,2010_003634,gaussian_noise,medium,25.0,1,1,1,0,0,1.0,1.0,1.0,0.9437344785776636
1128,2010_003634,gaussian_noise,severe,50.0,1,0,0,0,1,0.0,0.0,0.0,0.0
1128,2010_003634,jpeg_compression,mild,50.0,1,2,1,1,0,0.5,1.0,0.6666666666666666,0.9459091733269367
1128,2010_003634,jpeg_compression,medium,20.0,1,0,0,0,1,0.0,0.0,0.0,0.0
1128,2010_003634,jpeg_compression,severe,5.0,1,0,0,0,1,0.0,0.0,0.0,0.0
1128,2010_003634,low_light,mild,0.6,1,1,1,0,0,1.0,1.0,1.0,0.9557173395628329
1128,2010_003634,low_light,medium,0.35,1,1,1,0,0,1.0,1.0,1.0,0.9572210894264532
1128,2010_003634,low_light,severe,0.15,1,1,1,0,0,1.0,1.0,1.0,0.9575560601553709
1134,2010_003717,gaussian_noise,mild,10.0,2,3,1,2,1,0.3333333333333333,0.5,0.4,0.9443386644575381
1134,2010_003717,gaussian_noise,medium,25.0,2,2,0,2,2,0.0,0.0,0.0,0.0
1134,2010_003717,gaussian_noise,severe,50.0,2,0,0,0,2,0.0,0.0,0.0,0.0
1134,2010_003717,jpeg_compression,mild,50.0,2,2,1,1,1,0.5,0.5,0.5,0.9245269172475052
1134,2010_003717,jpeg_compression,medium,20.0,2,2,0,2,2,0.0,0.0,0.0,0.0
1134,2010_003717,jpeg_compression,severe,5.0,2,0,0,0,2,0.0,0.0,0.0,0.0
1134,2010_003717,low_light,mild,0.6,2,3,1,2,1,0.3333333333333333,0.5,0.4,0.9361954034956583
1134,2010_003717,low_light,medium,0.35,2,3,1,2,1,0.3333333333333333,0.5,0.4,0.9448968802379489
1134,2010_003717,low_light,severe,0.15,2,3,1,2,1,0.3333333333333333,0.5,0.4,0.9060716670771494
1143,2010_003925,gaussian_noise,mild,10.0,2,3,1,2,1,0.3333333333333333,0.5,0.4,0.9613598026160916
1143,2010_003925,gaussian_noise,medium,25.0,2,1,1,0,1,1.0,0.5,0.6666666666666666,0.9603310375141453
1143,2010_003925,gaussian_noise,severe,50.0,2,1,0,1,2,0.0,0.0,0.0,0.0
1143,2010_003925,jpeg_compression,mild,50.0,2,2,1,1,1,0.5,0.5,0.5,0.9742080404682877
1143,2010_003925,jpeg_compression,medium,20.0,2,1,0,1,2,0.0,0.0,0.0,0.0
1143,2010_003925,jpeg_compression,severe,5.0,2,0,0,0,2,0.0,0.0,0.0,0.0
1143,2010_003925,low_light,mild,0.6,2,2,1,1,1,0.5,0.5,0.5,0.9654435545754243
1143,2010_003925,low_light,medium,0.35,2,2,1,1,1,0.5,0.5,0.5,0.9674320631970171
1143,2010_003925,low_light,severe,0.15,2,2,1,1,1,0.5,0.5,0.5,0.9641252315852732
1152,2010_004071,gaussian_noise,mild,10.0,4,2,1,1,3,0.5,0.25,0.3333333333333333,0.7920811418885612
1152,2010_004071,gaussian_noise,medium,25.0,4,0,0,0,4,0.0,0.0,0.0,0.0
1152,2010_004071,gaussian_noise,severe,50.0,4,0,0,0,4,0.0,0.0,0.0,0.0
1152,2010_004071,jpeg_compression,mild,50.0,4,7,4,3,0,0.5714285714285714,1.0,0.7272727272727273,0.7559789215837898
1152,2010_004071,jpeg_compression,medium,20.0,4,2,0,2,4,0.0,0.0,0.0,0.0
1152,2010_004071,jpeg_compression,severe,5.0,4,1,0,1,4,0.0,0.0,0.0,0.0
1152,2010_004071,low_light,mild,0.6,4,5,4,1,0,0.8,1.0,0.888888888888889,0.783647716119474
1152,2010_004071,low_light,medium,0.35,4,6,4,2,0,0.6666666666666666,1.0,0.8,0.784369783122483
1152,2010_004071,low_light,severe,0.15,4,1,0,1,4,0.0,0.0,0.0,0.0
1161,2010_004186,gaussian_noise,mild,10.0,5,4,1,3,4,0.25,0.2,0.22222222222222224,0.8934408795165948
1161,2010_004186,gaussian_noise,medium,25.0,5,4,1,3,4,0.25,0.2,0.22222222222222224,0.8956547052286142
1161,2010_004186,gaussian_noise,severe,50.0,5,2,0,2,5,0.0,0.0,0.0,0.0
1161,2010_004186,jpeg_compression,mild,50.0,5,5,2,3,3,0.4,0.4,0.4000000000000001,0.7515893770221007
1161,2010_004186,jpeg_compression,medium,20.0,5,5,2,3,3,0.4,0.4,0.4000000000000001,0.7517919730690983
1161,2010_004186,jpeg_compression,severe,5.0,5,1,1,0,4,1.0,0.2,0.33333333333333337,0.7173551404792888
1161,2010_004186,low_light,mild,0.6,5,6,2,4,3,0.3333333333333333,0.4,0.3636363636363636,0.7925551091922242
1161,2010_004186,low_light,medium,0.35,5,5,1,4,4,0.2,0.2,0.20000000000000004,0.9031424340239109
1161,2010_004186,low_light,severe,0.15,5,5,2,3,3,0.4,0.4,0.4000000000000001,0.8868412977816669
1179,2010_004540,gaussian_noise,mild,10.0,1,3,1,2,0,0.3333333333333333,1.0,0.5,0.9478059297020075
1179,2010_004540,gaussian_noise,medium,25.0,1,0,0,0,1,0.0,0.0,0.0,0.0
1179,2010_004540,gaussian_noise,severe,50.0,1,0,0,0,1,0.0,0.0,0.0,0.0
1179,2010_004540,jpeg_compression,mild,50.0,1,3,1,2,0,0.3333333333333333,1.0,0.5,0.9757151376477844
1179,2010_004540,jpeg_compression,medium,20.0,1,0,0,0,1,0.0,0.0,0.0,0.0
1179,2010_004540,jpeg_compression,severe,5.0,1,1,0,1,1,0.0,0.0,0.0,0.0
1179,2010_004540,low_light,mild,0.6,1,3,1,2,0,0.3333333333333333,1.0,0.5,0.968926550375373
1179,2010_004540,low_light,medium,0.35,1,2,1,1,0,0.5,1.0,0.6666666666666666,0.6143973926606204
1179,2010_004540,low_light,severe,0.15,1,2,1,1,0,0.5,1.0,0.6666666666666666,0.605959956414976
1187,2010_004683,gaussian_noise,mild,10.0,5,4,4,0,1,1.0,0.8,0.888888888888889,0.8117685678173034
1187,2010_004683,gaussian_noise,medium,25.0,5,3,3,0,2,1.0,0.6,0.7499999999999999,0.8839650324769495
1187,2010_004683,gaussian_noise,severe,50.0,5,1,1,0,4,1.0,0.2,0.33333333333333337,0.7380863854073263
1187,2010_004683,jpeg_compression,mild,50.0,5,4,3,1,2,0.75,0.6,0.6666666666666665,0.8906600865528628
1187,2010_004683,jpeg_compression,medium,20.0,5,4,4,0,1,1.0,0.8,0.888888888888889,0.8635520006767758
1187,2010_004683,jpeg_compression,severe,5.0,5,0,0,0,5,0.0,0.0,0.0,0.0
1187,2010_004683,low_light,mild,0.6,5,4,4,0,1,1.0,0.8,0.888888888888889,0.8234779108409082
1187,2010_004683,low_light,medium,0.35,5,4,4,0,1,1.0,0.8,0.888888888888889,0.8290841571685357
1187,2010_004683,low_light,severe,0.15,5,3,3,0,2,1.0,0.6,0.7499999999999999,0.9040915644832843
1201,2010_004960,gaussian_noise,mild,10.0,1,1,1,0,0,1.0,1.0,1.0,0.9230838518701286
1201,2010_004960,gaussian_noise,medium,25.0,1,1,1,0,0,1.0,1.0,1.0,0.8842698990733844
1201,2010_004960,gaussian_noise,severe,50.0,1,0,0,0,1,0.0,0.0,0.0,0.0
1201,2010_004960,jpeg_compression,mild,50.0,1,1,1,0,0,1.0,1.0,1.0,0.9379981901750836
1201,2010_004960,jpeg_compression,medium,20.0,1,1,1,0,0,1.0,1.0,1.0,0.9042281296810555
1201,2010_004960,jpeg_compression,severe,5.0,1,0,0,0,1,0.0,0.0,0.0,0.0
1201,2010_004960,low_light,mild,0.6,1,1,1,0,0,1.0,1.0,1.0,0.9233692913865085
1201,2010_004960,low_light,medium,0.35,1,1,1,0,0,1.0,1.0,1.0,0.9276236990895801
1201,2010_004960,low_light,severe,0.15,1,1,1,0,0,1.0,1.0,1.0,0.9241807349506721
1211,2010_005128,gaussian_noise,mild,10.0,1,2,1,1,0,0.5,1.0,0.6666666666666666,0.9847432470285885
1211,2010_005128,gaussian_noise,medium,25.0,1,0,0,0,1,0.0,0.0,0.0,0.0
1211,2010_005128,gaussian_noise,severe,50.0,1,0,0,0,1,0.0,0.0,0.0,0.0
1211,2010_005128,jpeg_compression,mild,50.0,1,2,1,1,0,0.5,1.0,0.6666666666666666,0.9834307618890342
1211,2010_005128,jpeg_compression,medium,20.0,1,1,0,1,1,0.0,0.0,0.0,0.0
1211,2010_005128,jpeg_compression,severe,5.0,1,0,0,0,1,0.0,0.0,0.0,0.0
1211,2010_005128,low_light,mild,0.6,1,3,1,2,0,0.3333333333333333,1.0,0.5,0.9755180788814554
1211,2010_005128,low_light,medium,0.35,1,3,1,2,0,0.3333333333333333,1.0,0.5,0.966939560406848
1211,2010_005128,low_light,severe,0.15,1,2,1,1,0,0.5,1.0,0.6666666666666666,0.8773084917942384
1243,2010_005723,gaussian_noise,mild,10.0,1,2,1,1,0,0.5,1.0,0.6666666666666666,0.9869285079781184
1243,2010_005723,gaussian_noise,medium,25.0,1,1,1,0,0,1.0,1.0,1.0,0.9725772158802282
1243,2010_005723,gaussian_noise,severe,50.0,1,1,0,1,1,0.0,0.0,0.0,0.0
1243,2010_005723,jpeg_compression,mild,50.0,1,3,1,2,0,0.3333333333333333,1.0,0.5,0.9779762511148418
1243,2010_005723,jpeg_compression,medium,20.0,1,1,1,0,0,1.0,1.0,1.0,0.9373887262670108
1243,2010_005723,jpeg_compression,severe,5.0,1,0,0,0,1,0.0,0.0,0.0,0.0
1243,2010_005723,low_light,mild,0.6,1,3,1,2,0,0.3333333333333333,1.0,0.5,0.9828322068838815
1243,2010_005723,low_light,medium,0.35,1,2,1,1,0,0.5,1.0,0.6666666666666666,0.98242824347835
1243,2010_005723,low_light,severe,0.15,1,2,1,1,0,0.5,1.0,0.6666666666666666,0.9859083958421978
1272,2011_000006,gaussian_noise,mild,10.0,6,5,4,1,2,0.8,0.6666666666666666,0.7272727272727272,0.8784713352807113
1272,2011_000006,gaussian_noise,medium,25.0,6,4,3,1,3,0.75,0.5,0.6,0.8693536649634729
1272,2011_000006,gaussian_noise,severe,50.0,6,3,3,0,3,1.0,0.5,0.6666666666666666,0.7853109431928043
1272,2011_000006,jpeg_compression,mild,50.0,6,5,4,1,2,0.8,0.6666666666666666,0.7272727272727272,0.844963897319833
1272,2011_000006,jpeg_compression,medium,20.0,6,4,3,1,3,0.75,0.5,0.6,0.6455456551926446
1272,2011_000006,jpeg_compression,severe,5.0,6,0,0,0,6,0.0,0.0,0.0,0.0
1272,2011_000006,low_light,mild,0.6,6,7,5,2,1,0.7142857142857143,0.8333333333333334,0.7692307692307692,0.7919105335352965
1272,2011_000006,low_light,medium,0.35,6,6,4,2,2,0.6666666666666666,0.6666666666666666,0.6666666666666666,0.8395270109787107
1272,2011_000006,low_light,severe,0.15,6,5,4,1,2,0.8,0.6666666666666666,0.7272727272727272,0.8511350741397398
1273,2011_000025,gaussian_noise,mild,10.0,4,4,3,1,1,0.75,0.75,0.75,0.8951407012794013
1273,2011_000025,gaussian_noise,medium,25.0,4,2,1,1,3,0.5,0.25,0.3333333333333333,0.8283705207295513
1273,2011_000025,gaussian_noise,severe,50.0,4,1,0,1,4,0.0,0.0,0.0,0.0
1273,2011_000025,jpeg_compression,mild,50.0,4,4,3,1,1,0.75,0.75,0.75,0.8908905294783039
1273,2011_000025,jpeg_compression,medium,20.0,4,3,3,0,1,1.0,0.75,0.8571428571428571,0.8614865604229935
1273,2011_000025,jpeg_compression,severe,5.0,4,1,1,0,3,1.0,0.25,0.4,0.6891202807631611
1273,2011_000025,low_light,mild,0.6,4,4,3,1,1,0.75,0.75,0.75,0.9039343442677988
1273,2011_000025,low_light,medium,0.35,4,4,3,1,1,0.75,0.75,0.75,0.8953601945069858
1273,2011_000025,low_light,severe,0.15,4,4,3,1,1,0.75,0.75,0.75,0.8656313435389729
1303,2011_000400,gaussian_noise,mild,10.0,1,7,1,6,0,0.14285714285714285,1.0,0.25,0.9368260737866876
1303,2011_000400,gaussian_noise,medium,25.0,1,1,1,0,0,1.0,1.0,1.0,0.8150282063656215
1303,2011_000400,gaussian_noise,severe,50.0,1,0,0,0,1,0.0,0.0,0.0,0.0
1303,2011_000400,jpeg_compression,mild,50.0,1,7,1,6,0,0.14285714285714285,1.0,0.25,0.9557736410828965
1303,2011_000400,jpeg_compression,medium,20.0,1,4,1,3,0,0.25,1.0,0.4,0.9474042870677117
1303,2011_000400,jpeg_compression,severe,5.0,1,2,1,1,0,0.5,1.0,0.6666666666666666,0.785367531784715
1303,2011_000400,low_light,mild,0.6,1,9,1,8,0,0.1111111111111111,1.0,0.19999999999999998,0.9567074835298774
1303,2011_000400,low_light,medium,0.35,1,9,1,8,0,0.1111111111111111,1.0,0.19999999999999998,0.9536140502575202
1303,2011_000400,low_light,severe,0.15,1,2,1,1,0,0.5,1.0,0.6666666666666666,0.9479437231933303
1305,2011_000449,gaussian_noise,mild,10.0,1,1,1,0,0,1.0,1.0,1.0,0.8574731396342284
1305,2011_000449,gaussian_noise,medium,25.0,1,1,1,0,0,1.0,1.0,1.0,0.9356346485374055
1305,2011_000449,gaussian_noise,severe,50.0,1,2,0,2,1,0.0,0.0,0.0,0.0
1305,2011_000449,jpeg_compression,mild,50.0,1,3,1,2,0,0.3333333333333333,1.0,0.5,0.7931436395761441
1305,2011_000449,jpeg_compression,medium,20.0,1,0,0,0,1,0.0,0.0,0.0,0.0
1305,2011_000449,jpeg_compression,severe,5.0,1,0,0,0,1,0.0,0.0,0.0,0.0
1305,2011_000449,low_light,mild,0.6,1,1,1,0,0,1.0,1.0,1.0,0.8496358557849374
1305,2011_000449,low_light,medium,0.35,1,1,1,0,0,1.0,1.0,1.0,0.8438144849614375
1305,2011_000449,low_light,severe,0.15,1,1,1,0,0,1.0,1.0,1.0,0.8676339439634579
1324,2011_000652,gaussian_noise,mild,10.0,1,1,1,0,0,1.0,1.0,1.0,0.959634022472809
1324,2011_000652,gaussian_noise,medium,25.0,1,0,0,0,1,0.0,0.0,0.0,0.0
1324,2011_000652,gaussian_noise,severe,50.0,1,0,0,0,1,0.0,0.0,0.0,0.0
1324,2011_000652,jpeg_compression,mild,50.0,1,1,1,0,0,1.0,1.0,1.0,0.9813627740609188
1324,2011_000652,jpeg_compression,medium,20.0,1,1,0,1,1,0.0,0.0,0.0,0.0
1324,2011_000652,jpeg_compression,severe,5.0,1,0,0,0,1,0.0,0.0,0.0,0.0
1324,2011_000652,low_light,mild,0.6,1,1,1,0,0,1.0,1.0,1.0,0.9609688020163096
1324,2011_000652,low_light,medium,0.35,1,1,1,0,0,1.0,1.0,1.0,0.9576340608854874
1324,2011_000652,low_light,severe,0.15,1,1,1,0,0,1.0,1.0,1.0,0.9696373636875034
1368,2011_001621,gaussian_noise,mild,10.0,4,4,3,1,1,0.75,0.75,0.75,0.8271786488958482
1368,2011_001621,gaussian_noise,medium,25.0,4,2,1,1,3,0.5,0.25,0.3333333333333333,0.7331164231386791
1368,2011_001621,gaussian_noise,severe,50.0,4,0,0,0,4,0.0,0.0,0.0,0.0
1368,2011_001621,jpeg_compression,mild,50.0,4,4,3,1,1,0.75,0.75,0.75,0.8048050132844499
1368,2011_001621,jpeg_compression,medium,20.0,4,2,2,0,2,1.0,0.5,0.6666666666666666,0.7414589467025599
1368,2011_001621,jpeg_compression,severe,5.0,4,3,0,3,4,0.0,0.0,0.0,0.0
1368,2011_001621,low_light,mild,0.6,4,7,3,4,1,0.42857142857142855,0.75,0.5454545454545454,0.8368188490110627
1368,2011_001621,low_light,medium,0.35,4,8,3,5,1,0.375,0.75,0.5,0.8313823109006174
1368,2011_001621,low_light,severe,0.15,4,4,3,1,1,0.75,0.75,0.75,0.8279093775868661
1369,2011_001622,gaussian_noise,mild,10.0,13,2,1,1,12,0.5,0.07692307692307693,0.13333333333333336,0.8379492723857808
1369,2011_001622,gaussian_noise,medium,25.0,13,0,0,0,13,0.0,0.0,0.0,0.0
1369,2011_001622,gaussian_noise,severe,50.0,13,0,0,0,13,0.0,0.0,0.0,0.0
1369,2011_001622,jpeg_compression,mild,50.0,13,2,2,0,11,1.0,0.15384615384615385,0.2666666666666667,0.7555446097969956
1369,2011_001622,jpeg_compression,medium,20.0,13,5,2,3,11,0.4,0.15384615384615385,0.2222222222222222,0.7682527267447061
1369,2011_001622,jpeg_compression,severe,5.0,13,0,0,0,13,0.0,0.0,0.0,0.0
1369,2011_001622,low_light,mild,0.6,13,2,1,1,12,0.5,0.07692307692307693,0.13333333333333336,0.8751174128158793
1369,2011_001622,low_light,medium,0.35,13,1,0,1,13,0.0,0.0,0.0,0.0
1369,2011_001622,low_light,severe,0.15,13,0,0,0,13,0.0,0.0,0.0,0.0
1385,2011_001895,gaussian_noise,mild,10.0,3,3,2,1,1,0.6666666666666666,0.6666666666666666,0.6666666666666666,0.890312418926205
1385,2011_001895,gaussian_noise,medium,25.0,3,2,1,1,2,0.5,0.3333333333333333,0.4,0.9436344946494521
1385,2011_001895,gaussian_noise,severe,50.0,3,1,0,1,3,0.0,0.0,0.0,0.0
1385,2011_001895,jpeg_compression,mild,50.0,3,3,1,2,2,0.3333333333333333,0.3333333333333333,0.3333333333333333,0.9571848718478709
1385,2011_001895,jpeg_compression,medium,20.0,3,3,1,2,2,0.3333333333333333,0.3333333333333333,0.3333333333333333,0.9304972880078798
1385,2011_001895,jpeg_compression,severe,5.0,3,0,0,0,3,0.0,0.0,0.0,0.0
1385,2011_001895,low_light,mild,0.6,3,3,3,0,0,1.0,1.0,1.0,0.7567506797435604
1385,2011_001895,low_light,medium,0.35,3,3,3,0,0,1.0,1.0,1.0,0.7534531026517218
1385,2011_001895,low_light,severe,0.15,3,2,1,1,2,0.5,0.3333333333333333,0.4,0.9636994811565541
1390,2011_001928,gaussian_noise,mild,10.0,4,4,4,0,0,1.0,1.0,1.0,0.8810249659394959
1390,2011_001928,gaussian_noise,medium,25.0,4,3,3,0,1,1.0,0.75,0.8571428571428571,0.9196166131108772
1390,2011_001928,gaussian_noise,severe,50.0,4,3,3,0,1,1.0,0.75,0.8571428571428571,0.8208462292328546
1390,2011_001928,jpeg_compression,mild,50.0,4,4,4,0,0,1.0,1.0,1.0,0.9082915431253938
1390,2011_001928,jpeg_compression,medium,20.0,4,3,3,0,1,1.0,0.75,0.8571428571428571,0.8265089149870178
1390,2011_001928,jpeg_compression,severe,5.0,4,1,1,0,3,1.0,0.25,0.4,0.8246684161671508
1390,2011_001928,low_light,mild,0.6,4,4,4,0,0,1.0,1.0,1.0,0.8709377865914865
1390,2011_001928,low_light,medium,0.35,4,4,4,0,0,1.0,1.0,1.0,0.8704385568268428
1390,2011_001928,low_light,severe,0.15,4,3,3,0,1,1.0,0.75,0.8571428571428571,0.9242862238921457
1422,2011_002464,gaussian_noise,mild,10.0,4,3,3,0,1,1.0,0.75,0.8571428571428571,0.9421464556857541
1422,2011_002464,gaussian_noise,medium,25.0,4,3,3,0,1,1.0,0.75,0.8571428571428571,0.9383022467978108
1422,2011_002464,gaussian_noise,severe,50.0,4,1,1,0,3,1.0,0.25,0.4,0.7899346340726889
1422,2011_002464,jpeg_compression,mild,50.0,4,3,3,0,1,1.0,0.75,0.8571428571428571,0.9122067611483887
1422,2011_002464,jpeg_compression,medium,20.0,4,3,1,2,3,0.3333333333333333,0.25,0.28571428571428575,0.951480695755808
1422,2011_002464,jpeg_compression,severe,5.0,4,0,0,0,4,0.0,0.0,0.0,0.0
1422,2011_002464,low_light,mild,0.6,4,4,3,1,1,0.75,0.75,0.75,0.9243249364194198
1422,2011_002464,low_light,medium,0.35,4,4,3,1,1,0.75,0.75,0.75,0.9138585206803252
1422,2011_002464,low_light,severe,0.15,4,4,3,1,1,0.75,0.75,0.75,0.9457359017206141
1442,2011_002851,gaussian_noise,mild,10.0,2,2,2,0,0,1.0,1.0,1.0,0.9109928719981543
1442,2011_002851,gaussian_noise,medium,25.0,2,1,1,0,1,1.0,0.5,0.6666666666666666,0.9519535092436802
1442,2011_002851,gaussian_noise,severe,50.0,2,2,1,1,1,0.5,0.5,0.5,0.8881928947276938
1442,2011_002851,jpeg_compression,mild,50.0,2,2,2,0,0,1.0,1.0,1.0,0.9200213305916027
1442,2011_002851,jpeg_compression,medium,20.0,2,2,2,0,0,1.0,1.0,1.0,0.8966847377581522
1442,2011_002851,jpeg_compression,severe,5.0,2,0,0,0,2,0.0,0.0,0.0,0.0
1442,2011_002851,low_light,mild,0.6,2,2,2,0,0,1.0,1.0,1.0,0.9229021925698258
1442,2011_002851,low_light,medium,0.35,2,2,2,0,0,1.0,1.0,1.0,0.928790708421849
1442,2011_002851,low_light,severe,0.15,2,1,1,0,1,1.0,0.5,0.6666666666666666,0.9381404895178895
1452,2011_003038,gaussian_noise,mild,10.0,6,4,2,2,4,0.5,0.3333333333333333,0.4,0.9209103702061323
1452,2011_003038,gaussian_noise,medium,25.0,6,2,2,0,4,1.0,0.3333333333333333,0.5,0.9272653573785377
1452,2011_003038,gaussian_noise,severe,50.0,6,1,1,0,5,1.0,0.16666666666666666,0.2857142857142857,0.9309242849573093
1452,2011_003038,jpeg_compression,mild,50.0,6,3,2,1,4,0.6666666666666666,0.3333333333333333,0.4444444444444444,0.9378506673918608
1452,2011_003038,jpeg_compression,medium,20.0,6,2,2,0,4,1.0,0.3333333333333333,0.5,0.9069880695197259
1452,2011_003038,jpeg_compression,severe,5.0,6,0,0,0,6,0.0,0.0,0.0,0.0
1452,2011_003038,low_light,mild,0.6,6,7,4,3,2,0.5714285714285714,0.6666666666666666,0.6153846153846153,0.8733679144347983
1452,2011_003038,low_light,medium,0.35,6,5,4,1,2,0.8,0.6666666666666666,0.7272727272727272,0.7722632954638282
1452,2011_003038,low_light,severe,0.15,6,3,2,1,4,0.6666666666666666,0.3333333333333333,0.4444444444444444,0.9385918068655137
1460,2011_003216,gaussian_noise,mild,10.0,1,1,1,0,0,1.0,1.0,1.0,0.5574589908591773
1460,2011_003216,gaussian_noise,medium,25.0,1,0,0,0,1,0.0,0.0,0.0,0.0
1460,2011_003216,gaussian_noise,severe,50.0,1,0,0,0,1,0.0,0.0,0.0,0.0
1460,2011_003216,jpeg_compression,mild,50.0,1,1,0,1,1,0.0,0.0,0.0,0.0
1460,2011_003216,jpeg_compression,medium,20.0,1,0,0,0,1,0.0,0.0,0.0,0.0
1460,2011_003216,jpeg_compression,severe,5.0,1,0,0,0,1,0.0,0.0,0.0,0.0
1460,2011_003216,low_light,mild,0.6,1,1,1,0,0,1.0,1.0,1.0,0.918428039350198
1460,2011_003216,low_light,medium,0.35,1,1,1,0,0,1.0,1.0,1.0,0.7288341210265428
1460,2011_003216,low_light,severe,0.15,1,1,1,0,0,1.0,1.0,1.0,0.7523470845237508
