dataset_index,distortion_type,severity_level,parameter_value,clean_keypoints,distorted_keypoints,good_matches,match_accuracy
11,gaussian_noise,mild,10.0,981,1141,692,0.7054026503567788
11,gaussian_noise,medium,25.0,981,1267,434,0.44240570846075433
11,gaussian_noise,severe,50.0,981,1363,219,0.22324159021406728
11,jpeg_compression,mild,50.0,981,955,672,0.7036649214659686
11,jpeg_compression,medium,20.0,981,1008,534,0.5443425076452599
11,jpeg_compression,severe,5.0,981,1293,190,0.19367991845056065
11,low_light,mild,0.6,981,307,297,0.9674267100977199
11,low_light,medium,0.35,981,33,33,1.0
11,low_light,severe,0.15,981,0,0,0.0
31,gaussian_noise,mild,10.0,1449,1442,1266,0.8779472954230236
31,gaussian_noise,medium,25.0,1449,1444,1034,0.7160664819944599
31,gaussian_noise,severe,50.0,1449,1452,668,0.4610075914423741
31,jpeg_compression,mild,50.0,1449,1447,1178,0.8140981340704907
31,jpeg_compression,medium,20.0,1449,1436,1020,0.7103064066852368
31,jpeg_compression,severe,5.0,1449,1465,595,0.4106280193236715
31,low_light,mild,0.6,1449,1277,1161,0.9091620986687549
31,low_light,medium,0.35,1449,885,787,0.8892655367231639
31,low_light,severe,0.15,1449,91,86,0.945054945054945
88,gaussian_noise,mild,10.0,1460,1462,1223,0.8376712328767123
88,gaussian_noise,medium,25.0,1460,1459,973,0.6668951336531871
88,gaussian_noise,severe,50.0,1460,1459,596,0.40849897189856066
88,jpeg_compression,mild,50.0,1460,1455,1148,0.7890034364261168
88,jpeg_compression,medium,20.0,1460,1458,1017,0.6975308641975309
88,jpeg_compression,severe,5.0,1460,1465,562,0.38493150684931504
88,low_light,mild,0.6,1460,1336,1190,0.8907185628742516
88,low_light,medium,0.35,1460,929,747,0.8040904198062433
88,low_light,severe,0.15,1460,45,39,0.8666666666666667
99,gaussian_noise,mild,10.0,1414,1421,1044,0.7383309759547383
99,gaussian_noise,medium,25.0,1414,1430,815,0.5763790664780764
99,gaussian_noise,severe,50.0,1414,1451,547,0.3868458274398868
99,jpeg_compression,mild,50.0,1414,1413,1081,0.7650389242745931
99,jpeg_compression,medium,20.0,1414,1408,958,0.6803977272727273
99,jpeg_compression,severe,5.0,1414,1438,569,0.4024045261669024
99,low_light,mild,0.6,1414,752,705,0.9375
99,low_light,medium,0.35,1414,242,238,0.9834710743801653
99,low_light,severe,0.15,1414,0,0,0.0
127,gaussian_noise,mild,10.0,1500,1500,1312,0.8746666666666667
127,gaussian_noise,medium,25.0,1500,1500,1064,0.7093333333333334
127,gaussian_noise,severe,50.0,1500,1500,750,0.5
127,jpeg_compression,mild,50.0,1500,1500,1252,0.8346666666666667
127,jpeg_compression,medium,20.0,1500,1500,1096,0.7306666666666667
127,jpeg_compression,severe,5.0,1500,1500,692,0.4613333333333333
127,low_light,mild,0.6,1500,1470,1361,0.9258503401360544
127,low_light,medium,0.35,1500,1245,1084,0.8706827309236947
127,low_light,severe,0.15,1500,202,141,0.698019801980198
160,gaussian_noise,mild,10.0,1490,1489,1285,0.8629952988582942
160,gaussian_noise,medium,25.0,1490,1499,1025,0.6879194630872483
160,gaussian_noise,severe,50.0,1490,1500,695,0.4664429530201342
160,jpeg_compression,mild,50.0,1490,1491,1186,0.7959731543624161
160,jpeg_compression,medium,20.0,1490,1496,1012,0.6791946308724832
160,jpeg_compression,severe,5.0,1490,1500,616,0.4134228187919463
160,low_light,mild,0.6,1490,1403,1261,0.8987883107626514
160,low_light,medium,0.35,1490,937,789,0.8420490928495198
160,low_light,severe,0.15,1490,33,33,1.0
165,gaussian_noise,mild,10.0,1495,1494,1342,0.8982597054886211
165,gaussian_noise,medium,25.0,1495,1495,1163,0.7779264214046823
165,gaussian_noise,severe,50.0,1495,1489,922,0.6192075218267293
165,jpeg_compression,mild,50.0,1495,1495,1262,0.8441471571906355
165,jpeg_compression,medium,20.0,1495,1495,1138,0.7612040133779264
165,jpeg_compression,severe,5.0,1495,1500,790,0.5284280936454849
165,low_light,mild,0.6,1495,1455,1354,0.9305841924398626
165,low_light,medium,0.35,1495,1300,1130,0.8692307692307693
165,low_light,severe,0.15,1495,294,245,0.8333333333333334
167,gaussian_noise,mild,10.0,1500,1500,1308,0.872
167,gaussian_noise,medium,25.0,1500,1500,1059,0.706
167,gaussian_noise,severe,50.0,1500,1500,743,0.49533333333333335
167,jpeg_compression,mild,50.0,1500,1500,1210,0.8066666666666666
167,jpeg_compression,medium,20.0,1500,1500,1038,0.692
167,jpeg_compression,severe,5.0,1500,1500,633,0.422
167,low_light,mild,0.6,1500,1460,1370,0.9383561643835616
167,low_light,medium,0.35,1500,1125,970,0.8622222222222222
167,low_light,severe,0.15,1500,60,56,0.9333333333333333
187,gaussian_noise,mild,10.0,1389,1391,1201,0.8646508279337654
187,gaussian_noise,medium,25.0,1389,1397,946,0.6810655147588193
187,gaussian_noise,severe,50.0,1389,1397,617,0.44420446364290855
187,jpeg_compression,mild,50.0,1389,1397,1106,0.7962562994960403
187,jpeg_compression,medium,20.0,1389,1390,925,0.665946724262059
187,jpeg_compression,severe,5.0,1389,1411,512,0.36861051115910726
187,low_light,mild,0.6,1389,1248,1096,0.8782051282051282
187,low_light,medium,0.35,1389,757,582,0.7688243064729194
187,low_light,severe,0.15,1389,26,26,1.0
189,gaussian_noise,mild,10.0,1373,1376,1141,0.8310269482884195
189,gaussian_noise,medium,25.0,1373,1379,884,0.6438455935906774
189,gaussian_noise,severe,50.0,1373,1411,524,0.381646030589949
189,jpeg_compression,mild,50.0,1373,1377,1074,0.7822286962855062
189,jpeg_compression,medium,20.0,1373,1378,938,0.6831755280407866
189,jpeg_compression,severe,5.0,1373,1401,465,0.33867443554260745
189,low_light,mild,0.6,1373,1082,936,0.8650646950092421
189,low_light,medium,0.35,1373,438,415,0.9474885844748858
189,low_light,severe,0.15,1373,5,5,1.0
195,gaussian_noise,mild,10.0,677,713,491,0.725258493353028
195,gaussian_noise,medium,25.0,677,954,350,0.51698670605613
195,gaussian_noise,severe,50.0,677,1128,173,0.2555391432791728
195,jpeg_compression,mild,50.0,677,683,507,0.7488921713441654
195,jpeg_compression,medium,20.0,677,662,404,0.6102719033232629
195,jpeg_compression,severe,5.0,677,624,138,0.22115384615384615
195,low_light,mild,0.6,677,402,387,0.9626865671641791
195,low_light,medium,0.35,677,164,158,0.9634146341463414
195,low_light,severe,0.15,677,4,4,1.0
196,gaussian_noise,mild,10.0,1450,1447,1206,0.8334485141672425
196,gaussian_noise,medium,25.0,1450,1438,936,0.650904033379694
196,gaussian_noise,severe,50.0,1450,1456,607,0.4186206896551724
196,jpeg_compression,mild,50.0,1450,1446,1154,0.7980636237897649
196,jpeg_compression,medium,20.0,1450,1441,1006,0.6981263011797363
196,jpeg_compression,severe,5.0,1450,1454,551,0.38
196,low_light,mild,0.6,1450,1281,1149,0.8969555035128806
196,low_light,medium,0.35,1450,768,610,0.7942708333333334
196,low_light,severe,0.15,1450,46,46,1.0
202,gaussian_noise,mild,10.0,1500,1500,1306,0.8706666666666667
202,gaussian_noise,medium,25.0,1500,1500,1100,0.7333333333333333
202,gaussian_noise,severe,50.0,1500,1500,825,0.55
202,jpeg_compression,mild,50.0,1500,1499,1238,0.8258839226150767
202,jpeg_compression,medium,20.0,1500,1490,1109,0.7442953020134229
202,jpeg_compression,severe,5.0,1500,1498,692,0.46194926568758343
202,low_light,mild,0.6,1500,1435,1315,0.9163763066202091
202,low_light,medium,0.35,1500,1098,935,0.8515482695810564
202,low_light,severe,0.15,1500,133,122,0.9172932330827067
204,gaussian_noise,mild,10.0,1159,1178,896,0.7730802415875755
204,gaussian_noise,medium,25.0,1159,1248,577,0.49784296807592754
204,gaussian_noise,severe,50.0,1159,1338,247,0.21311475409836064
204,jpeg_compression,mild,50.0,1159,1156,844,0.7301038062283737
204,jpeg_compression,medium,20.0,1159,1149,659,0.5735422106179286
204,jpeg_compression,severe,5.0,1159,1000,199,0.199
204,low_light,mild,0.6,1159,844,725,0.8590047393364929
204,low_light,medium,0.35,1159,265,255,0.9622641509433962
204,low_light,severe,0.15,1159,0,0,0.0
210,gaussian_noise,mild,10.0,1480,1475,1308,0.8867796610169492
210,gaussian_noise,medium,25.0,1480,1480,1094,0.7391891891891892
210,gaussian_noise,severe,50.0,1480,1495,781,0.5277027027027027
210,jpeg_compression,mild,50.0,1480,1478,1241,0.8396481732070366
210,jpeg_compression,medium,20.0,1480,1484,1114,0.7527027027027027
210,jpeg_compression,severe,5.0,1480,1488,728,0.4918918918918919
210,low_light,mild,0.6,1480,1322,1231,0.9311649016641452
210,low_light,medium,0.35,1480,1025,908,0.8858536585365854
210,low_light,severe,0.15,1480,128,126,0.984375
211,gaussian_noise,mild,10.0,1480,1481,1269,0.8574324324324324
211,gaussian_noise,medium,25.0,1480,1484,1045,0.706081081081081
211,gaussian_noise,severe,50.0,1480,1484,734,0.49594594594594593
211,jpeg_compression,mild,50.0,1480,1479,1231,0.8323191345503719
211,jpeg_compression,medium,20.0,1480,1483,1137,0.7682432432432432
211,jpeg_compression,severe,5.0,1480,1485,683,0.4614864864864865
211,low_light,mild,0.6,1480,1408,1263,0.8970170454545454
211,low_light,medium,0.35,1480,1017,813,0.799410029498525
211,low_light,severe,0.15,1480,69,68,0.9855072463768116
214,gaussian_noise,mild,10.0,1500,1500,1263,0.842
214,gaussian_noise,medium,25.0,1500,1500,1019,0.6793333333333333
214,gaussian_noise,severe,50.0,1500,1500,693,0.462
214,jpeg_compression,mild,50.0,1500,1500,1194,0.796
214,jpeg_compression,medium,20.0,1500,1500,1038,0.692
214,jpeg_compression,severe,5.0,1500,1500,585,0.39
214,low_light,mild,0.6,1500,1480,1325,0.8952702702702703
214,low_light,medium,0.35,1500,901,726,0.8057713651498335
214,low_light,severe,0.15,1500,24,23,0.9583333333333334
215,gaussian_noise,mild,10.0,1482,1489,1291,0.8711201079622132
215,gaussian_noise,medium,25.0,1482,1487,1067,0.7199730094466936
215,gaussian_noise,severe,50.0,1482,1487,742,0.5006747638326585
215,jpeg_compression,mild,50.0,1482,1483,1206,0.8137651821862348
215,jpeg_compression,medium,20.0,1482,1484,1068,0.7206477732793523
215,jpeg_compression,severe,5.0,1482,1476,726,0.491869918699187
215,low_light,mild,0.6,1482,1343,1242,0.924795234549516
215,low_light,medium,0.35,1482,967,847,0.8759048603929679
215,low_light,severe,0.15,1482,123,118,0.959349593495935
220,gaussian_noise,mild,10.0,1487,1487,1331,0.8950907868190988
220,gaussian_noise,medium,25.0,1487,1491,1106,0.7437794216543376
220,gaussian_noise,severe,50.0,1487,1482,784,0.5290148448043185
220,jpeg_compression,mild,50.0,1487,1487,1269,0.8533960995292535
220,jpeg_compression,medium,20.0,1487,1486,1129,0.7597577388963661
220,jpeg_compression,severe,5.0,1487,1492,728,0.48957632817753866
220,low_light,mild,0.6,1487,1438,1328,0.9235048678720446
220,low_light,medium,0.35,1487,1251,1065,0.8513189448441247
220,low_light,severe,0.15,1487,340,296,0.8705882352941177
251,gaussian_noise,mild,10.0,1487,1493,1295,0.8708809683927371
251,gaussian_noise,medium,25.0,1487,1495,1079,0.7256220578345662
251,gaussian_noise,severe,50.0,1487,1487,745,0.5010087424344317
251,jpeg_compression,mild,50.0,1487,1486,1223,0.823014804845222
251,jpeg_compression,medium,20.0,1487,1490,1070,0.7195696032279758
251,jpeg_compression,severe,5.0,1487,1492,578,0.3887020847343645
251,low_light,mild,0.6,1487,1381,1284,0.9297610427226647
251,low_light,medium,0.35,1487,1010,878,0.8693069306930693
251,low_light,severe,0.15,1487,118,96,0.8135593220338984
284,gaussian_noise,mild,10.0,1500,1500,1327,0.8846666666666667
284,gaussian_noise,medium,25.0,1500,1500,1139,0.7593333333333333
284,gaussian_noise,severe,50.0,1500,1500,835,0.5566666666666666
284,jpeg_compression,mild,50.0,1500,1500,1254,0.836
284,jpeg_compression,medium,20.0,1500,1500,1108,0.7386666666666667
284,jpeg_compression,severe,5.0,1500,1500,712,0.4746666666666667
284,low_light,mild,0.6,1500,1449,1347,0.9296066252587992
284,low_light,medium,0.35,1500,1122,983,0.8761140819964349
284,low_light,severe,0.15,1500,223,184,0.8251121076233184
317,gaussian_noise,mild,10.0,1414,1419,1230,0.8698727015558698
317,gaussian_noise,medium,25.0,1414,1431,1020,0.7213578500707214
317,gaussian_noise,severe,50.0,1414,1449,693,0.4900990099009901
317,jpeg_compression,mild,50.0,1414,1406,1146,0.8150782361308677
317,jpeg_compression,medium,20.0,1414,1416,1001,0.7079207920792079
317,jpeg_compression,severe,5.0,1414,1440,569,0.4024045261669024
317,low_light,mild,0.6,1414,1308,1215,0.9288990825688074
317,low_light,medium,0.35,1414,1010,842,0.8336633663366336
317,low_light,severe,0.15,1414,89,77,0.8651685393258427
325,gaussian_noise,mild,10.0,1321,1336,1054,0.7978803936411809
325,gaussian_noise,medium,25.0,1321,1347,771,0.5836487509462528
325,gaussian_noise,severe,50.0,1321,1373,495,0.37471612414837246
325,jpeg_compression,mild,50.0,1321,1316,982,0.7462006079027356
325,jpeg_compression,medium,20.0,1321,1289,823,0.6384794414274632
325,jpeg_compression,severe,5.0,1321,1356,405,0.3065859197577593
325,low_light,mild,0.6,1321,948,843,0.8892405063291139
325,low_light,medium,0.35,1321,442,424,0.9592760180995475
325,low_light,severe,0.15,1321,47,43,0.9148936170212766
331,gaussian_noise,mild,10.0,1500,1500,1302,0.868
331,gaussian_noise,medium,25.0,1500,1500,1097,0.7313333333333333
331,gaussian_noise,severe,50.0,1500,1500,793,0.5286666666666666
331,jpeg_compression,mild,50.0,1500,1500,1222,0.8146666666666667
331,jpeg_compression,medium,20.0,1500,1500,1127,0.7513333333333333
331,jpeg_compression,severe,5.0,1500,1500,773,0.5153333333333333
331,low_light,mild,0.6,1500,1451,1297,0.8938662991040661
331,low_light,medium,0.35,1500,1079,898,0.8322520852641334
331,low_light,severe,0.15,1500,100,95,0.95
352,gaussian_noise,mild,10.0,789,924,608,0.770595690747782
352,gaussian_noise,medium,25.0,789,1121,399,0.5057034220532319
352,gaussian_noise,severe,50.0,789,1303,215,0.27249683143219267
352,jpeg_compression,mild,50.0,789,777,560,0.7207207207207207
352,jpeg_compression,medium,20.0,789,807,447,0.5665399239543726
352,jpeg_compression,severe,5.0,789,1056,188,0.23827629911280102
352,low_light,mild,0.6,789,385,379,0.9844155844155844
352,low_light,medium,0.35,789,168,167,0.9940476190476191
352,low_light,severe,0.15,789,19,16,0.8421052631578947
356,gaussian_noise,mild,10.0,1442,1443,1214,0.841886269070735
356,gaussian_noise,medium,25.0,1442,1444,975,0.6761442441054092
356,gaussian_noise,severe,50.0,1442,1452,606,0.420249653259362
356,jpeg_compression,mild,50.0,1442,1445,1165,0.8079056865464632
356,jpeg_compression,medium,20.0,1442,1445,1013,0.70249653259362
356,jpeg_compression,severe,5.0,1442,1448,602,0.4174757281553398
356,low_light,mild,0.6,1442,1274,1146,0.8995290423861853
356,low_light,medium,0.35,1442,715,626,0.8755244755244755
356,low_light,severe,0.15,1442,43,42,0.9767441860465116
358,gaussian_noise,mild,10.0,1500,1500,1302,0.868
358,gaussian_noise,medium,25.0,1500,1500,1095,0.73
358,gaussian_noise,severe,50.0,1500,1500,782,0.5213333333333333
358,jpeg_compression,mild,50.0,1500,1500,1229,0.8193333333333334
358,jpeg_compression,medium,20.0,1500,1500,1080,0.72
358,jpeg_compression,severe,5.0,1500,1500,673,0.44866666666666666
358,low_light,mild,0.6,1500,1440,1325,0.9201388888888888
358,low_light,medium,0.35,1500,1141,980,0.8588957055214724
358,low_light,severe,0.15,1500,177,137,0.7740112994350282
360,gaussian_noise,mild,10.0,344,522,206,0.5988372093023255
360,gaussian_noise,medium,25.0,344,887,79,0.22965116279069767
360,gaussian_noise,severe,50.0,344,1130,16,0.046511627906976744
360,jpeg_compression,mild,50.0,344,467,255,0.7412790697674418
360,jpeg_compression,medium,20.0,344,309,129,0.4174757281553398
360,jpeg_compression,severe,5.0,344,351,15,0.0436046511627907
360,low_light,mild,0.6,344,125,122,0.976
360,low_light,medium,0.35,344,25,24,0.96
360,low_light,severe,0.15,344,0,0,0.0
375,gaussian_noise,mild,10.0,1500,1500,1327,0.8846666666666667
375,gaussian_noise,medium,25.0,1500,1500,1129,0.7526666666666667
375,gaussian_noise,severe,50.0,1500,1500,864,0.576
375,jpeg_compression,mild,50.0,1500,1500,1260,0.84
375,jpeg_compression,medium,20.0,1500,1500,1136,0.7573333333333333
375,jpeg_compression,severe,5.0,1500,1500,733,0.4886666666666667
375,low_light,mild,0.6,1500,1487,1412,0.9495628782784129
375,low_light,medium,0.35,1500,1357,1187,0.8747236551215918
375,low_light,severe,0.15,1500,203,162,0.7980295566502463
400,gaussian_noise,mild,10.0,1500,1500,1346,0.8973333333333333
400,gaussian_noise,medium,25.0,1500,1500,1138,0.7586666666666667
400,gaussian_noise,severe,50.0,1500,1500,855,0.57
400,jpeg_compression,mild,50.0,1500,1500,1273,0.8486666666666667
400,jpeg_compression,medium,20.0,1500,1500,1133,0.7553333333333333
400,jpeg_compression,severe,5.0,1500,1500,687,0.458
400,low_light,mild,0.6,1500,1449,1353,0.9337474120082816
400,low_light,medium,0.35,1500,1200,1062,0.885
400,low_light,severe,0.15,1500,321,243,0.7570093457943925
431,gaussian_noise,mild,10.0,1500,1500,1338,0.892
431,gaussian_noise,medium,25.0,1500,1500,1180,0.7866666666666666
431,gaussian_noise,severe,50.0,1500,1500,927,0.618
431,jpeg_compression,mild,50.0,1500,1500,1265,0.8433333333333334
431,jpeg_compression,medium,20.0,1500,1500,1132,0.7546666666666667
431,jpeg_compression,severe,5.0,1500,1500,818,0.5453333333333333
431,low_light,mild,0.6,1500,1485,1403,0.9447811447811448
431,low_light,medium,0.35,1500,1395,1255,0.899641577060932
431,low_light,severe,0.15,1500,365,273,0.7479452054794521
440,gaussian_noise,mild,10.0,784,879,572,0.7295918367346939
440,gaussian_noise,medium,25.0,784,1113,394,0.5025510204081632
440,gaussian_noise,severe,50.0,784,1291,215,0.274234693877551
440,jpeg_compression,mild,50.0,784,820,564,0.7193877551020408
440,jpeg_compression,medium,20.0,784,892,451,0.5752551020408163
440,jpeg_compression,severe,5.0,784,1070,175,0.22321428571428573
440,low_light,mild,0.6,784,539,516,0.9573283858998145
440,low_light,medium,0.35,784,332,294,0.8855421686746988
440,low_light,severe,0.15,784,77,59,0.7662337662337663
444,gaussian_noise,mild,10.0,1472,1474,1261,0.8566576086956522
444,gaussian_noise,medium,25.0,1472,1472,1026,0.6970108695652174
444,gaussian_noise,severe,50.0,1472,1469,672,0.45745405037440434
444,jpeg_compression,mild,50.0,1472,1474,1172,0.7961956521739131
444,jpeg_compression,medium,20.0,1472,1477,1040,0.7065217391304348
444,jpeg_compression,severe,5.0,1472,1485,671,0.45584239130434784
444,low_light,mild,0.6,1472,1366,1229,0.8997071742313324
444,low_light,medium,0.35,1472,910,781,0.8582417582417582
444,low_light,severe,0.15,1472,44,42,0.9545454545454546
456,gaussian_noise,mild,10.0,1422,1431,1162,0.8171589310829818
456,gaussian_noise,medium,25.0,1422,1436,851,0.5984528832630098
456,gaussian_noise,severe,50.0,1422,1458,510,0.35864978902953587
456,jpeg_compression,mild,50.0,1422,1426,1089,0.7658227848101266
456,jpeg_compression,medium,20.0,1422,1441,921,0.6476793248945147
456,jpeg_compression,severe,5.0,1422,1457,485,0.3410689170182841
456,low_light,mild,0.6,1422,1040,867,0.8336538461538462
456,low_light,medium,0.35,1422,442,384,0.8687782805429864
456,low_light,severe,0.15,1422,19,19,1.0
469,gaussian_noise,mild,10.0,1497,1497,1312,0.8764195056780227
469,gaussian_noise,medium,25.0,1497,1495,1091,0.7297658862876254
469,gaussian_noise,severe,50.0,1497,1492,832,0.5576407506702413
469,jpeg_compression,mild,50.0,1497,1497,1272,0.8496993987975952
469,jpeg_compression,medium,20.0,1497,1495,1135,0.7591973244147158
469,jpeg_compression,severe,5.0,1497,1497,742,0.4956579826319305
469,low_light,mild,0.6,1497,1458,1335,0.9156378600823045
469,low_light,medium,0.35,1497,1201,986,0.8209825145711906
469,low_light,severe,0.15,1497,66,66,1.0
474,gaussian_noise,mild,10.0,1440,1432,1225,0.8554469273743017
474,gaussian_noise,medium,25.0,1440,1439,984,0.6838082001389854
474,gaussian_noise,severe,50.0,1440,1453,642,0.44583333333333336
474,jpeg_compression,mild,50.0,1440,1443,1165,0.8090277777777778
474,jpeg_compression,medium,20.0,1440,1436,977,0.6803621169916435
474,jpeg_compression,severe,5.0,1440,1448,514,0.35694444444444445
474,low_light,mild,0.6,1440,1316,1174,0.89209726443769
474,low_light,medium,0.35,1440,811,646,0.7965474722564735
474,low_light,severe,0.15,1440,29,29,1.0
490,gaussian_noise,mild,10.0,1486,1484,1264,0.8517520215633423
490,gaussian_noise,medium,25.0,1486,1489,1043,0.7018842530282638
490,gaussian_noise,severe,50.0,1486,1482,704,0.4750337381916329
490,jpeg_compression,mild,50.0,1486,1488,1189,0.8001345895020189
490,jpeg_compression,medium,20.0,1486,1481,1044,0.7049291019581364
490,jpeg_compression,severe,5.0,1486,1480,644,0.43513513513513513
490,low_light,mild,0.6,1486,1394,1264,0.9067431850789096
490,low_light,medium,0.35,1486,924,766,0.829004329004329
490,low_light,severe,0.15,1486,66,63,0.9545454545454546
492,gaussian_noise,mild,10.0,1370,1376,1077,0.7861313868613139
492,gaussian_noise,medium,25.0,1370,1394,795,0.5802919708029197
492,gaussian_noise,severe,50.0,1370,1418,474,0.345985401459854
492,jpeg_compression,mild,50.0,1370,1371,1104,0.8058394160583942
492,jpeg_compression,medium,20.0,1370,1388,955,0.6970802919708029
492,jpeg_compression,severe,5.0,1370,1408,457,0.33357664233576645
492,low_light,mild,0.6,1370,1062,895,0.8427495291902072
492,low_light,medium,0.35,1370,470,425,0.9042553191489362
492,low_light,severe,0.15,1370,19,19,1.0
520,gaussian_noise,mild,10.0,1295,1289,1010,0.7835531419705197
520,gaussian_noise,medium,25.0,1295,1326,639,0.4934362934362934
520,gaussian_noise,severe,50.0,1295,1358,296,0.22857142857142856
520,jpeg_compression,mild,50.0,1295,1284,936,0.7289719626168224
520,jpeg_compression,medium,20.0,1295,1303,756,0.5837837837837838
520,jpeg_compression,severe,5.0,1295,1344,251,0.19382239382239383
520,low_light,mild,0.6,1295,926,782,0.8444924406047516
520,low_light,medium,0.35,1295,450,349,0.7755555555555556
520,low_light,severe,0.15,1295,21,20,0.9523809523809523
544,gaussian_noise,mild,10.0,1166,1208,772,0.6620926243567753
544,gaussian_noise,medium,25.0,1166,1279,494,0.4236706689536878
544,gaussian_noise,severe,50.0,1166,1373,250,0.2144082332761578
544,jpeg_compression,mild,50.0,1166,1190,820,0.7032590051457976
544,jpeg_compression,medium,20.0,1166,1177,617,0.5291595197255574
544,jpeg_compression,severe,5.0,1166,1273,189,0.1620926243567753
544,low_light,mild,0.6,1166,461,402,0.8720173535791758
544,low_light,medium,0.35,1166,94,88,0.9361702127659575
544,low_light,severe,0.15,1166,0,0,0.0
545,gaussian_noise,mild,10.0,1469,1463,1263,0.8632946001367054
545,gaussian_noise,medium,25.0,1469,1475,1018,0.6929884275017019
545,gaussian_noise,severe,50.0,1469,1478,642,0.43703199455411845
545,jpeg_compression,mild,50.0,1469,1476,1193,0.8121170864533697
545,jpeg_compression,medium,20.0,1469,1476,1040,0.7079646017699115
545,jpeg_compression,severe,5.0,1469,1482,613,0.4172906739278421
545,low_light,mild,0.6,1469,1338,1219,0.9110612855007474
545,low_light,medium,0.35,1469,857,697,0.8133022170361727
545,low_light,severe,0.15,1469,56,54,0.9642857142857143
552,gaussian_noise,mild,10.0,1495,1499,1288,0.8615384615384616
552,gaussian_noise,medium,25.0,1495,1498,1026,0.6862876254180602
552,gaussian_noise,severe,50.0,1495,1496,679,0.45418060200668897
552,jpeg_compression,mild,50.0,1495,1491,1226,0.8222669349429913
552,jpeg_compression,medium,20.0,1495,1497,1057,0.7070234113712375
552,jpeg_compression,severe,5.0,1495,1500,675,0.451505016722408
552,low_light,mild,0.6,1495,1447,1242,0.8583275742916379
552,low_light,medium,0.35,1495,830,670,0.8072289156626506
552,low_light,severe,0.15,1495,49,46,0.9387755102040817
556,gaussian_noise,mild,10.0,1437,1447,1043,0.7258176757132916
556,gaussian_noise,medium,25.0,1437,1438,743,0.5170494084899095
556,gaussian_noise,severe,50.0,1437,1450,457,0.3180236604036186
556,jpeg_compression,mild,50.0,1437,1436,1104,0.7688022284122563
556,jpeg_compression,medium,20.0,1437,1446,981,0.6826722338204593
556,jpeg_compression,severe,5.0,1437,1469,448,0.3117606123869172
556,low_light,mild,0.6,1437,850,727,0.8552941176470589
556,low_light,medium,0.35,1437,154,152,0.987012987012987
556,low_light,severe,0.15,1437,12,12,1.0
565,gaussian_noise,mild,10.0,842,871,470,0.5581947743467933
565,gaussian_noise,medium,25.0,842,1006,266,0.3159144893111639
565,gaussian_noise,severe,50.0,842,1233,102,0.12114014251781473
565,jpeg_compression,mild,50.0,842,872,472,0.5605700712589073
565,jpeg_compression,medium,20.0,842,902,334,0.39667458432304037
565,jpeg_compression,severe,5.0,842,921,139,0.16508313539192399
565,low_light,mild,0.6,842,530,471,0.8886792452830189
565,low_light,medium,0.35,842,245,221,0.9020408163265307
565,low_light,severe,0.15,842,16,16,1.0
588,gaussian_noise,mild,10.0,1437,1435,1186,0.8264808362369338
588,gaussian_noise,medium,25.0,1437,1441,881,0.6130828114126653
588,gaussian_noise,severe,50.0,1437,1467,527,0.36673625608907445
588,jpeg_compression,mild,50.0,1437,1430,1115,0.7797202797202797
588,jpeg_compression,medium,20.0,1437,1438,969,0.6743215031315241
588,jpeg_compression,severe,5.0,1437,1444,454,0.3159359777313848
588,low_light,mild,0.6,1437,1167,1009,0.8646101113967438
588,low_light,medium,0.35,1437,611,563,0.9214402618657938
588,low_light,severe,0.15,1437,67,56,0.835820895522388
613,gaussian_noise,mild,10.0,888,957,610,0.6869369369369369
613,gaussian_noise,medium,25.0,888,1093,335,0.37725225225225223
613,gaussian_noise,severe,50.0,888,1262,132,0.14864864864864866
613,jpeg_compression,mild,50.0,888,893,606,0.6824324324324325
613,jpeg_compression,medium,20.0,888,886,448,0.5056433408577878
613,jpeg_compression,severe,5.0,888,1017,104,0.11711711711711711
613,low_light,mild,0.6,888,349,336,0.9627507163323782
613,low_light,medium,0.35,888,130,128,0.9846153846153847
613,low_light,severe,0.15,888,5,5,1.0
637,gaussian_noise,mild,10.0,1500,1500,1329,0.886
637,gaussian_noise,medium,25.0,1500,1500,1125,0.75
637,gaussian_noise,severe,50.0,1500,1500,798,0.532
637,jpeg_compression,mild,50.0,1500,1500,1280,0.8533333333333334
637,jpeg_compression,medium,20.0,1500,1500,1137,0.758
637,jpeg_compression,severe,5.0,1500,1500,762,0.508
637,low_light,mild,0.6,1500,1440,1351,0.9381944444444444
637,low_light,medium,0.35,1500,1221,1054,0.8632268632268633
637,low_light,severe,0.15,1500,219,204,0.9315068493150684
664,gaussian_noise,mild,10.0,1197,1200,890,0.7435254803675856
664,gaussian_noise,medium,25.0,1197,1270,577,0.48203842940685043
664,gaussian_noise,severe,50.0,1197,1366,294,0.24561403508771928
664,jpeg_compression,mild,50.0,1197,1185,830,0.70042194092827
664,jpeg_compression,medium,20.0,1197,1215,670,0.5597326649958229
664,jpeg_compression,severe,5.0,1197,1301,267,0.22305764411027568
664,low_light,mild,0.6,1197,749,617,0.8237650200267023
664,low_light,medium,0.35,1197,188,158,0.8404255319148937
664,low_light,severe,0.15,1197,0,0,0.0
691,gaussian_noise,mild,10.0,1195,1223,866,0.7246861924686192
691,gaussian_noise,medium,25.0,1195,1287,573,0.4794979079497908
691,gaussian_noise,severe,50.0,1195,1370,300,0.2510460251046025
691,jpeg_compression,mild,50.0,1195,1200,843,0.705439330543933
691,jpeg_compression,medium,20.0,1195,1191,670,0.5625524769101595
691,jpeg_compression,severe,5.0,1195,1286,291,0.24351464435146444
691,low_light,mild,0.6,1195,553,483,0.8734177215189873
691,low_light,medium,0.35,1195,143,135,0.9440559440559441
691,low_light,severe,0.15,1195,4,4,1.0
699,gaussian_noise,mild,10.0,1500,1500,1352,0.9013333333333333
699,gaussian_noise,medium,25.0,1500,1500,1194,0.796
699,gaussian_noise,severe,50.0,1500,1494,930,0.6224899598393574
699,jpeg_compression,mild,50.0,1500,1500,1268,0.8453333333333334
699,jpeg_compression,medium,20.0,1500,1500,1116,0.744
699,jpeg_compression,severe,5.0,1500,1500,826,0.5506666666666666
699,low_light,mild,0.6,1500,1471,1386,0.9422161794697484
699,low_light,medium,0.35,1500,1330,1153,0.8669172932330828
699,low_light,severe,0.15,1500,362,293,0.8093922651933702
704,gaussian_noise,mild,10.0,1489,1488,1250,0.8400537634408602
704,gaussian_noise,medium,25.0,1489,1490,998,0.6702484889187375
704,gaussian_noise,severe,50.0,1489,1494,703,0.47212894560107455
704,jpeg_compression,mild,50.0,1489,1488,1228,0.8252688172043011
704,jpeg_compression,medium,20.0,1489,1496,1079,0.7246474143720618
704,jpeg_compression,severe,5.0,1489,1494,592,0.39758226997985224
704,low_light,mild,0.6,1489,1431,1287,0.89937106918239
704,low_light,medium,0.35,1489,1060,842,0.7943396226415095
704,low_light,severe,0.15,1489,62,54,0.8709677419354839
705,gaussian_noise,mild,10.0,1369,1377,1058,0.7728268809349891
705,gaussian_noise,medium,25.0,1369,1394,712,0.5200876552227903
705,gaussian_noise,severe,50.0,1369,1432,386,0.28195763330898466
705,jpeg_compression,mild,50.0,1369,1368,964,0.7046783625730995
705,jpeg_compression,medium,20.0,1369,1383,785,0.5734112490869248
705,jpeg_compression,severe,5.0,1369,1416,369,0.2695398100803506
705,low_light,mild,0.6,1369,948,838,0.8839662447257384
705,low_light,medium,0.35,1369,323,249,0.7708978328173375
705,low_light,severe,0.15,1369,4,4,1.0
711,gaussian_noise,mild,10.0,1055,1115,764,0.7241706161137441
711,gaussian_noise,medium,25.0,1055,1255,473,0.4483412322274882
711,gaussian_noise,severe,50.0,1055,1367,230,0.21800947867298578
711,jpeg_compression,mild,50.0,1055,1054,674,0.6394686907020873
711,jpeg_compression,medium,20.0,1055,1058,561,0.5317535545023697
711,jpeg_compression,severe,5.0,1055,1195,193,0.18293838862559242
711,low_light,mild,0.6,1055,390,355,0.9102564102564102
711,low_light,medium,0.35,1055,44,44,1.0
711,low_light,severe,0.15,1055,0,0,0.0
715,gaussian_noise,mild,10.0,1492,1484,1238,0.8342318059299192
715,gaussian_noise,medium,25.0,1492,1491,1014,0.6800804828973843
715,gaussian_noise,severe,50.0,1492,1488,690,0.4637096774193548
715,jpeg_compression,mild,50.0,1492,1490,1242,0.8335570469798658
715,jpeg_compression,medium,20.0,1492,1495,1098,0.7359249329758714
715,jpeg_compression,severe,5.0,1492,1498,698,0.467828418230563
715,low_light,mild,0.6,1492,1430,1286,0.8993006993006993
715,low_light,medium,0.35,1492,860,661,0.7686046511627908
715,low_light,severe,0.15,1492,15,15,1.0
724,gaussian_noise,mild,10.0,1500,1500,1312,0.8746666666666667
724,gaussian_noise,medium,25.0,1500,1500,1084,0.7226666666666667
724,gaussian_noise,severe,50.0,1500,1500,733,0.4886666666666667
724,jpeg_compression,mild,50.0,1500,1500,1215,0.81
724,jpeg_compression,medium,20.0,1500,1500,1074,0.716
724,jpeg_compression,severe,5.0,1500,1500,672,0.448
724,low_light,mild,0.6,1500,1447,1325,0.9156876295784382
724,low_light,medium,0.35,1500,995,856,0.8603015075376884
724,low_light,severe,0.15,1500,32,32,1.0
731,gaussian_noise,mild,10.0,1312,1329,974,0.7423780487804879
731,gaussian_noise,medium,25.0,1312,1351,693,0.5282012195121951
731,gaussian_noise,severe,50.0,1312,1395,403,0.3071646341463415
731,jpeg_compression,mild,50.0,1312,1301,932,0.7163720215219063
731,jpeg_compression,medium,20.0,1312,1312,757,0.5769817073170732
731,jpeg_compression,severe,5.0,1312,1356,352,0.2682926829268293
731,low_light,mild,0.6,1312,761,609,0.8002628120893561
731,low_light,medium,0.35,1312,146,137,0.9383561643835616
731,low_light,severe,0.15,1312,0,0,0.0
732,gaussian_noise,mild,10.0,1204,1229,957,0.7948504983388704
732,gaussian_noise,medium,25.0,1204,1263,609,0.5058139534883721
732,gaussian_noise,severe,50.0,1204,1347,282,0.23421926910299004
732,jpeg_compression,mild,50.0,1204,1193,872,0.7309304274937133
732,jpeg_compression,medium,20.0,1204,1193,671,0.5624476110645432
732,jpeg_compression,severe,5.0,1204,1238,249,0.20681063122923588
732,low_light,mild,0.6,1204,899,790,0.8787541713014461
732,low_light,medium,0.35,1204,430,374,0.8697674418604651
732,low_light,severe,0.15,1204,39,39,1.0
761,gaussian_noise,mild,10.0,1465,1466,1266,0.8641638225255973
761,gaussian_noise,medium,25.0,1465,1462,1036,0.7086183310533516
761,gaussian_noise,severe,50.0,1465,1457,706,0.48455730954015097
761,jpeg_compression,mild,50.0,1465,1468,1170,0.7986348122866894
761,jpeg_compression,medium,20.0,1465,1466,1050,0.7167235494880546
761,jpeg_compression,severe,5.0,1465,1471,664,0.45324232081911264
761,low_light,mild,0.6,1465,1332,1209,0.9076576576576577
761,low_light,medium,0.35,1465,929,756,0.813778256189451
761,low_light,severe,0.15,1465,80,77,0.9625
800,gaussian_noise,mild,10.0,1500,1500,1297,0.8646666666666667
800,gaussian_noise,medium,25.0,1500,1500,1077,0.718
800,gaussian_noise,severe,50.0,1500,1500,754,0.5026666666666667
800,jpeg_compression,mild,50.0,1500,1500,1231,0.8206666666666667
800,jpeg_compression,medium,20.0,1500,1500,1105,0.7366666666666667
800,jpeg_compression,severe,5.0,1500,1500,708,0.472
800,low_light,mild,0.6,1500,1486,1349,0.9078061911170928
800,low_light,medium,0.35,1500,1108,887,0.8005415162454874
800,low_light,severe,0.15,1500,26,22,0.8461538461538461
837,gaussian_noise,mild,10.0,1091,1170,781,0.7158570119156737
837,gaussian_noise,medium,25.0,1091,1273,539,0.4940421631530706
837,gaussian_noise,severe,50.0,1091,1340,304,0.27864344637946836
837,jpeg_compression,mild,50.0,1091,1083,796,0.7349953831948292
837,jpeg_compression,medium,20.0,1091,1123,663,0.6076993583868011
837,jpeg_compression,severe,5.0,1091,1206,277,0.2538955087076077
837,low_light,mild,0.6,1091,485,466,0.9608247422680413
837,low_light,medium,0.35,1091,165,160,0.9696969696969697
837,low_light,severe,0.15,1091,1,0,0.0
859,gaussian_noise,mild,10.0,1092,1086,851,0.783609576427256
859,gaussian_noise,medium,25.0,1092,1183,589,0.5393772893772893
859,gaussian_noise,severe,50.0,1092,1306,289,0.26465201465201466
859,jpeg_compression,mild,50.0,1092,1090,798,0.7321100917431193
859,jpeg_compression,medium,20.0,1092,1079,625,0.5792400370713624
859,jpeg_compression,severe,5.0,1092,1153,258,0.23626373626373626
859,low_light,mild,0.6,1092,747,666,0.891566265060241
859,low_light,medium,0.35,1092,279,267,0.956989247311828
859,low_light,severe,0.15,1092,5,5,1.0
860,gaussian_noise,mild,10.0,1469,1470,1294,0.8808713410483322
860,gaussian_noise,medium,25.0,1469,1469,1071,0.729067392784207
860,gaussian_noise,severe,50.0,1469,1471,758,0.5159972770592239
860,jpeg_compression,mild,50.0,1469,1468,1197,0.8153950953678474
860,jpeg_compression,medium,20.0,1469,1471,1043,0.7100068073519401
860,jpeg_compression,severe,5.0,1469,1480,680,0.4628999319264806
860,low_light,mild,0.6,1469,1376,1247,0.90625
860,low_light,medium,0.35,1469,1022,868,0.8493150684931506
860,low_light,severe,0.15,1469,130,112,0.8615384615384616
903,gaussian_noise,mild,10.0,1500,1500,1355,0.9033333333333333
903,gaussian_noise,medium,25.0,1500,1500,1185,0.79
903,gaussian_noise,severe,50.0,1500,1500,908,0.6053333333333333
903,jpeg_compression,mild,50.0,1500,1500,1282,0.8546666666666667
903,jpeg_compression,medium,20.0,1500,1500,1152,0.768
903,jpeg_compression,severe,5.0,1500,1500,858,0.572
903,low_light,mild,0.6,1500,1485,1390,0.936026936026936
903,low_light,medium,0.35,1500,1300,1052,0.8092307692307692
903,low_light,severe,0.15,1500,241,228,0.946058091286307
908,gaussian_noise,mild,10.0,1487,1487,1265,0.8507061197041023
908,gaussian_noise,medium,25.0,1487,1492,952,0.6402151983860122
908,gaussian_noise,severe,50.0,1487,1489,599,0.40282447881640887
908,jpeg_compression,mild,50.0,1487,1489,1221,0.8211163416274377
908,jpeg_compression,medium,20.0,1487,1482,1047,0.7064777327935222
908,jpeg_compression,severe,5.0,1487,1491,598,0.4021519838601211
908,low_light,mild,0.6,1487,1354,1169,0.8633677991137371
908,low_light,medium,0.35,1487,850,689,0.8105882352941176
908,low_light,severe,0.15,1487,75,61,0.8133333333333334
926,gaussian_noise,mild,10.0,1398,1399,1186,0.8483547925608012
926,gaussian_noise,medium,25.0,1398,1402,904,0.6466380543633763
926,gaussian_noise,severe,50.0,1398,1422,539,0.3855507868383405
926,jpeg_compression,mild,50.0,1398,1392,1084,0.7787356321839081
926,jpeg_compression,medium,20.0,1398,1396,896,0.6418338108882522
926,jpeg_compression,severe,5.0,1398,1413,401,0.28683834048640916
926,low_light,mild,0.6,1398,1200,1044,0.87
926,low_light,medium,0.35,1398,712,589,0.827247191011236
926,low_light,severe,0.15,1398,97,94,0.9690721649484536
937,gaussian_noise,mild,10.0,1375,1392,1053,0.7658181818181818
937,gaussian_noise,medium,25.0,1375,1419,779,0.5665454545454546
937,gaussian_noise,severe,50.0,1375,1431,486,0.35345454545454547
937,jpeg_compression,mild,50.0,1375,1385,1041,0.757090909090909
937,jpeg_compression,medium,20.0,1375,1378,876,0.637090909090909
937,jpeg_compression,severe,5.0,1375,1426,445,0.3236363636363636
937,low_light,mild,0.6,1375,853,707,0.8288393903868698
937,low_light,medium,0.35,1375,271,253,0.933579335793358
937,low_light,severe,0.15,1375,7,7,1.0
949,gaussian_noise,mild,10.0,1452,1446,1287,0.8900414937759336
949,gaussian_noise,medium,25.0,1452,1445,1077,0.7453287197231834
949,gaussian_noise,severe,50.0,1452,1436,799,0.5564066852367688
949,jpeg_compression,mild,50.0,1452,1448,1189,0.8211325966850829
949,jpeg_compression,medium,20.0,1452,1451,1063,0.7325982081323226
949,jpeg_compression,severe,5.0,1452,1440,724,0.5027777777777778
949,low_light,mild,0.6,1452,1325,1179,0.889811320754717
949,low_light,medium,0.35,1452,919,749,0.8150163220892275
949,low_light,severe,0.15,1452,104,100,0.9615384615384616
966,gaussian_noise,mild,10.0,467,575,349,0.7473233404710921
966,gaussian_noise,medium,25.0,467,1021,230,0.4925053533190578
966,gaussian_noise,severe,50.0,467,1273,128,0.2740899357601713
966,jpeg_compression,mild,50.0,467,468,358,0.7665952890792291
966,jpeg_compression,medium,20.0,467,513,274,0.5867237687366167
966,jpeg_compression,severe,5.0,467,725,95,0.20342612419700215
966,low_light,mild,0.6,467,310,296,0.9548387096774194
966,low_light,medium,0.35,467,172,159,0.9244186046511628
966,low_light,severe,0.15,467,1,0,0.0
979,gaussian_noise,mild,10.0,1341,1359,1026,0.7651006711409396
979,gaussian_noise,medium,25.0,1341,1391,701,0.522744220730798
979,gaussian_noise,severe,50.0,1341,1428,424,0.3161819537658464
979,jpeg_compression,mild,50.0,1341,1339,987,0.7371172516803585
979,jpeg_compression,medium,20.0,1341,1344,823,0.6137211036539896
979,jpeg_compression,severe,5.0,1341,1395,362,0.26994780014914244
979,low_light,mild,0.6,1341,844,720,0.8530805687203792
979,low_light,medium,0.35,1341,387,355,0.917312661498708
979,low_light,severe,0.15,1341,22,21,0.9545454545454546
1039,gaussian_noise,mild,10.0,1406,1406,1090,0.7752489331436699
1039,gaussian_noise,medium,25.0,1406,1423,779,0.5540540540540541
1039,gaussian_noise,severe,50.0,1406,1424,415,0.2951635846372688
1039,jpeg_compression,mild,50.0,1406,1408,1028,0.7311522048364154
1039,jpeg_compression,medium,20.0,1406,1409,829,0.5896159317211949
1039,jpeg_compression,severe,5.0,1406,1426,340,0.24182076813655762
1039,low_light,mild,0.6,1406,927,796,0.8586839266450917
1039,low_light,medium,0.35,1406,263,226,0.8593155893536122
1039,low_light,severe,0.15,1406,10,10,1.0
1043,gaussian_noise,mild,10.0,1354,1357,970,0.7163958641063516
1043,gaussian_noise,medium,25.0,1354,1387,567,0.41875923190546527
1043,gaussian_noise,severe,50.0,1354,1410,286,0.21122599704579026
1043,jpeg_compression,mild,50.0,1354,1357,831,0.6137370753323486
1043,jpeg_compression,medium,20.0,1354,1366,578,0.42688330871491875
1043,jpeg_compression,severe,5.0,1354,1389,197,0.14549483013293943
1043,low_light,mild,0.6,1354,1101,983,0.8928247048138056
1043,low_light,medium,0.35,1354,683,554,0.8111273792093704
1043,low_light,severe,0.15,1354,2,2,1.0
1048,gaussian_noise,mild,10.0,1461,1457,1211,0.8311599176389842
1048,gaussian_noise,medium,25.0,1461,1454,944,0.6492434662998624
1048,gaussian_noise,severe,50.0,1461,1459,621,0.42563399588759426
1048,jpeg_compression,mild,50.0,1461,1457,1173,0.8050789293067948
1048,jpeg_compression,medium,20.0,1461,1460,1000,0.684931506849315
1048,jpeg_compression,severe,5.0,1461,1478,544,0.3723477070499658
1048,low_light,mild,0.6,1461,1254,1076,0.8580542264752791
1048,low_light,medium,0.35,1461,617,544,0.8816855753646677
1048,low_light,severe,0.15,1461,55,49,0.8909090909090909
1059,gaussian_noise,mild,10.0,1470,1475,1290,0.8775510204081632
1059,gaussian_noise,medium,25.0,1470,1478,1075,0.7312925170068028
1059,gaussian_noise,severe,50.0,1470,1481,735,0.5
1059,jpeg_compression,mild,50.0,1470,1475,1242,0.8448979591836735
1059,jpeg_compression,medium,20.0,1470,1474,1061,0.7217687074829932
1059,jpeg_compression,severe,5.0,1470,1476,655,0.445578231292517
1059,low_light,mild,0.6,1470,1367,1232,0.9012435991221653
1059,low_light,medium,0.35,1470,963,761,0.7902388369678089
1059,low_light,severe,0.15,1470,75,67,0.8933333333333333
1085,gaussian_noise,mild,10.0,1469,1469,1269,0.863852961198094
1085,gaussian_noise,medium,25.0,1469,1471,1036,0.7052416609938734
1085,gaussian_noise,severe,50.0,1469,1470,683,0.4649421375085092
1085,jpeg_compression,mild,50.0,1469,1470,1192,0.8114363512593601
1085,jpeg_compression,medium,20.0,1469,1474,1051,0.7154526889040164
1085,jpeg_compression,severe,5.0,1469,1482,608,0.41388699795779443
1085,low_light,mild,0.6,1469,1327,1208,0.9103240391861341
1085,low_light,medium,0.35,1469,915,783,0.8557377049180328
1085,low_light,severe,0.15,1469,56,51,0.9107142857142857
1103,gaussian_noise,mild,10.0,1406,1406,1120,0.7965860597439545
1103,gaussian_noise,medium,25.0,1406,1422,835,0.5938833570412517
1103,gaussian_noise,severe,50.0,1406,1432,527,0.3748221906116643
1103,jpeg_compression,mild,50.0,1406,1413,1130,0.8036984352773826
1103,jpeg_compression,medium,20.0,1406,1404,1021,0.7272079772079773
1103,jpeg_compression,severe,5.0,1406,1433,460,0.32716927453769556
1103,low_light,mild,0.6,1406,1088,923,0.8483455882352942
1103,low_light,medium,0.35,1406,441,417,0.9455782312925171
1103,low_light,severe,0.15,1406,44,43,0.9772727272727273
1122,gaussian_noise,mild,10.0,1025,1047,774,0.7551219512195122
1122,gaussian_noise,medium,25.0,1025,1149,455,0.44390243902439025
1122,gaussian_noise,severe,50.0,1025,1279,188,0.18341463414634146
1122,jpeg_compression,mild,50.0,1025,1011,675,0.6676557863501483
1122,jpeg_compression,medium,20.0,1025,1006,554,0.5506958250497018
1122,jpeg_compression,severe,5.0,1025,1087,151,0.1473170731707317
1122,low_light,mild,0.6,1025,775,685,0.8838709677419355
1122,low_light,medium,0.35,1025,412,353,0.8567961165048543
1122,low_light,severe,0.15,1025,27,25,0.9259259259259259
1123,gaussian_noise,mild,10.0,1493,1497,1265,0.8472873409243135
1123,gaussian_noise,medium,25.0,1493,1496,1011,0.6771600803750837
1123,gaussian_noise,severe,50.0,1493,1490,676,0.45369127516778524
1123,jpeg_compression,mild,50.0,1493,1490,1234,0.8281879194630872
1123,jpeg_compression,medium,20.0,1493,1490,1102,0.7395973154362416
1123,jpeg_compression,severe,5.0,1493,1498,622,0.41661085063630277
1123,low_light,mild,0.6,1493,1398,1230,0.8798283261802575
1123,low_light,medium,0.35,1493,803,622,0.7745952677459527
1123,low_light,severe,0.15,1493,59,59,1.0
1128,gaussian_noise,mild,10.0,675,788,448,0.6637037037037037
1128,gaussian_noise,medium,25.0,675,1058,241,0.35703703703703704
1128,gaussian_noise,severe,50.0,675,1256,98,0.1451851851851852
1128,jpeg_compression,mild,50.0,675,679,438,0.6488888888888888
1128,jpeg_compression,medium,20.0,675,699,313,0.46370370370370373
1128,jpeg_compression,severe,5.0,675,809,86,0.1274074074074074
1128,low_light,mild,0.6,675,302,292,0.9668874172185431
1128,low_light,medium,0.35,675,78,74,0.9487179487179487
1128,low_light,severe,0.15,675,0,0,0.0
1134,gaussian_noise,mild,10.0,1364,1378,1086,0.7961876832844574
1134,gaussian_noise,medium,25.0,1364,1400,767,0.5623167155425219
1134,gaussian_noise,severe,50.0,1364,1413,440,0.3225806451612903
1134,jpeg_compression,mild,50.0,1364,1366,1035,0.7587976539589443
1134,jpeg_compression,medium,20.0,1364,1370,868,0.6363636363636364
1134,jpeg_compression,severe,5.0,1364,1427,412,0.3020527859237537
1134,low_light,mild,0.6,1364,1055,916,0.8682464454976303
1134,low_light,medium,0.35,1364,455,376,0.8263736263736263
1134,low_light,severe,0.15,1364,32,32,1.0
1143,gaussian_noise,mild,10.0,1120,1155,779,0.6955357142857143
1143,gaussian_noise,medium,25.0,1120,1219,438,0.39107142857142857
1143,gaussian_noise,severe,50.0,1120,1333,205,0.18303571428571427
1143,jpeg_compression,mild,50.0,1120,1148,737,0.6580357142857143
1143,jpeg_compression,medium,20.0,1120,1141,518,0.4625
1143,jpeg_compression,severe,5.0,1120,1260,161,0.14375
1143,low_light,mild,0.6,1120,697,596,0.8550932568149211
1143,low_light,medium,0.35,1120,222,199,0.8963963963963963
1143,low_light,severe,0.15,1120,6,6,1.0
1152,gaussian_noise,mild,10.0,1500,1500,1319,0.8793333333333333
1152,gaussian_noise,medium,25.0,1500,1500,1080,0.72
1152,gaussian_noise,severe,50.0,1500,1500,761,0.5073333333333333
1152,jpeg_compression,mild,50.0,1500,1500,1194,0.796
1152,jpeg_compression,medium,20.0,1500,1500,999,0.666
1152,jpeg_compression,severe,5.0,1500,1500,609,0.406
1152,low_light,mild,0.6,1500,1451,1342,0.9248793935217091
1152,low_light,medium,0.35,1500,1144,1002,0.8758741258741258
1152,low_light,severe,0.15,1500,382,214,0.5602094240837696
1161,gaussian_noise,mild,10.0,1500,1500,1305,0.87
1161,gaussian_noise,medium,25.0,1500,1500,1088,0.7253333333333334
1161,gaussian_noise,severe,50.0,1500,1500,788,0.5253333333333333
1161,jpeg_compression,mild,50.0,1500,1500,1221,0.814
1161,jpeg_compression,medium,20.0,1500,1500,1099,0.7326666666666667
1161,jpeg_compression,severe,5.0,1500,1500,726,0.484
1161,low_light,mild,0.6,1500,1460,1328,0.9095890410958904
1161,low_light,medium,0.35,1500,1081,919,0.8501387604070305
1161,low_light,severe,0.15,1500,58,55,0.9482758620689655
1179,gaussian_noise,mild,10.0,912,985,598,0.6557017543859649
1179,gaussian_noise,medium,25.0,912,1167,369,0.40460526315789475
1179,gaussian_noise,severe,50.0,912,1328,157,0.17214912280701755
1179,jpeg_compression,mild,50.0,912,930,619,0.6787280701754386
1179,jpeg_compression,medium,20.0,912,957,457,0.5010964912280702
1179,jpeg_compression,severe,5.0,912,1189,104,0.11403508771929824
1179,low_light,mild,0.6,912,301,270,0.8970099667774086
1179,low_light,medium,0.35,912,55,52,0.9454545454545454
1179,low_light,severe,0.15,912,0,0,0.0
1187,gaussian_noise,mild,10.0,1470,1471,1285,0.8741496598639455
1187,gaussian_noise,medium,25.0,1470,1472,1053,0.7163265306122449
1187,gaussian_noise,severe,50.0,1470,1472,751,0.5108843537414965
1187,jpeg_compression,mild,50.0,1470,1475,1221,0.8306122448979592
1187,jpeg_compression,medium,20.0,1470,1477,1039,0.7068027210884353
1187,jpeg_compression,severe,5.0,1470,1472,646,0.43945578231292515
1187,low_light,mild,0.6,1470,1384,1292,0.9335260115606936
1187,low_light,medium,0.35,1470,1102,984,0.8929219600725953
1187,low_light,severe,0.15,1470,172,145,0.8430232558139535
1201,gaussian_noise,mild,10.0,1500,1500,1271,0.8473333333333334
1201,gaussian_noise,medium,25.0,1500,1500,1080,0.72
1201,gaussian_noise,severe,50.0,1500,1500,761,0.5073333333333333
1201,jpeg_compression,mild,50.0,1500,1500,1244,0.8293333333333334
1201,jpeg_compression,medium,20.0,1500,1500,1115,0.7433333333333333
1201,jpeg_compression,severe,5.0,1500,1500,680,0.4533333333333333
1201,low_light,mild,0.6,1500,1465,1366,0.9324232081911262
1201,low_light,medium,0.35,1500,1150,962,0.8365217391304348
1201,low_light,severe,0.15,1500,35,33,0.9428571428571428
1211,gaussian_noise,mild,10.0,1464,1458,1193,0.8182441700960219
1211,gaussian_noise,medium,25.0,1464,1454,942,0.6478679504814305
1211,gaussian_noise,severe,50.0,1464,1468,642,0.4385245901639344
1211,jpeg_compression,mild,50.0,1464,1454,1137,0.7819807427785419
1211,jpeg_compression,medium,20.0,1464,1458,1019,0.6989026063100137
1211,jpeg_compression,severe,5.0,1464,1469,583,0.398224043715847
1211,low_light,mild,0.6,1464,1235,1062,0.8599190283400809
1211,low_light,medium,0.35,1464,556,529,0.9514388489208633
1211,low_light,severe,0.15,1464,18,18,1.0
1243,gaussian_noise,mild,10.0,1350,1354,1204,0.8918518518518519
1243,gaussian_noise,medium,25.0,1350,1355,1029,0.7622222222222222
1243,gaussian_noise,severe,50.0,1350,1397,778,0.5762962962962963
1243,jpeg_compression,mild,50.0,1350,1349,1121,0.8309859154929577
1243,jpeg_compression,medium,20.0,1350,1353,946,0.7007407407407408
1243,jpeg_compression,severe,5.0,1350,1359,622,0.46074074074074073
1243,low_light,mild,0.6,1350,1204,1113,0.9244186046511628
1243,low_light,medium,0.35,1350,954,808,0.8469601677148847
1243,low_light,severe,0.15,1350,155,135,0.8709677419354839
1272,gaussian_noise,mild,10.0,1479,1482,1172,0.7924273157538878
1272,gaussian_noise,medium,25.0,1479,1462,854,0.5841313269493844
1272,gaussian_noise,severe,50.0,1479,1472,500,0.33967391304347827
1272,jpeg_compression,mild,50.0,1479,1486,1128,0.7626774847870182
1272,jpeg_compression,medium,20.0,1479,1491,967,0.6538201487491548
1272,jpeg_compression,severe,5.0,1479,1490,458,0.3096686950642326
1272,low_light,mild,0.6,1479,1048,843,0.8043893129770993
1272,low_light,medium,0.35,1479,272,253,0.9301470588235294
1272,low_light,severe,0.15,1479,21,17,0.8095238095238095
1273,gaussian_noise,mild,10.0,1498,1500,1327,0.8858477970627503
1273,gaussian_noise,medium,25.0,1498,1497,1113,0.7434869739478958
1273,gaussian_noise,severe,50.0,1498,1493,844,0.565304755525787
1273,jpeg_compression,mild,50.0,1498,1495,1270,0.8494983277591973
1273,jpeg_compression,medium,20.0,1498,1496,1159,0.7747326203208557
1273,jpeg_compression,severe,5.0,1498,1500,776,0.5180240320427236
1273,low_light,mild,0.6,1498,1437,1315,0.9151009046624913
1273,low_light,medium,0.35,1498,1144,964,0.8426573426573427
1273,low_light,severe,0.15,1498,110,105,0.9545454545454546
1303,gaussian_noise,mild,10.0,1136,1138,834,0.7341549295774648
1303,gaussian_noise,medium,25.0,1136,1200,517,0.4551056338028169
1303,gaussian_noise,severe,50.0,1136,1313,215,0.1892605633802817
1303,jpeg_compression,mild,50.0,1136,1109,789,0.7114517583408476
1303,jpeg_compression,medium,20.0,1136,1119,655,0.5853440571939231
1303,jpeg_compression,severe,5.0,1136,982,179,0.18228105906313646
1303,low_light,mild,0.6,1136,607,538,0.886326194398682
1303,low_light,medium,0.35,1136,153,147,0.9607843137254902
1303,low_light,severe,0.15,1136,11,11,1.0
1305,gaussian_noise,mild,10.0,1408,1405,1146,0.8156583629893238
1305,gaussian_noise,medium,25.0,1408,1419,844,0.5994318181818182
1305,gaussian_noise,severe,50.0,1408,1427,506,0.359375
1305,jpeg_compression,mild,50.0,1408,1407,1067,0.7583511016346838
1305,jpeg_compression,medium,20.0,1408,1416,883,0.6271306818181818
1305,jpeg_compression,severe,5.0,1408,1443,496,0.3522727272727273
1305,low_light,mild,0.6,1408,1114,1003,0.900359066427289
1305,low_light,medium,0.35,1408,565,434,0.768141592920354
1305,low_light,severe,0.15,1408,16,16,1.0
1324,gaussian_noise,mild,10.0,1423,1425,1229,0.8636683063949403
1324,gaussian_noise,medium,25.0,1423,1419,925,0.6518675123326286
1324,gaussian_noise,severe,50.0,1423,1425,617,0.43359100491918484
1324,jpeg_compression,mild,50.0,1423,1429,1176,0.8264230498945889
1324,jpeg_compression,medium,20.0,1423,1434,1016,0.7139845397048489
1324,jpeg_compression,severe,5.0,1423,1436,566,0.3977512297962052
1324,low_light,mild,0.6,1423,1272,1135,0.8922955974842768
1324,low_light,medium,0.35,1423,897,737,0.8216276477146043
1324,low_light,severe,0.15,1423,221,189,0.8552036199095022
1368,gaussian_noise,mild,10.0,1394,1401,1206,0.8651362984218077
1368,gaussian_noise,medium,25.0,1394,1406,953,0.6836441893830703
1368,gaussian_noise,severe,50.0,1394,1408,569,0.4081779053084649
1368,jpeg_compression,mild,50.0,1394,1397,1178,0.8450502152080345
1368,jpeg_compression,medium,20.0,1394,1398,1001,0.7180774748923959
1368,jpeg_compression,severe,5.0,1394,1396,482,0.34576757532281205
1368,low_light,mild,0.6,1394,1272,1169,0.9190251572327044
1368,low_light,medium,0.35,1394,949,810,0.8535300316122234
1368,low_light,severe,0.15,1394,65,52,0.8
1369,gaussian_noise,mild,10.0,1496,1500,1307,0.8736631016042781
1369,gaussian_noise,medium,25.0,1496,1500,1107,0.7399732620320856
1369,gaussian_noise,severe,50.0,1496,1497,806,0.5387700534759359
1369,jpeg_compression,mild,50.0,1496,1495,1218,0.8147157190635451
1369,jpeg_compression,medium,20.0,1496,1500,1084,0.7245989304812834
1369,jpeg_compression,severe,5.0,1496,1500,740,0.4946524064171123
1369,low_light,mild,0.6,1496,1442,1345,0.9327323162274619
1369,low_light,medium,0.35,1496,1120,986,0.8803571428571428
1369,low_light,severe,0.15,1496,122,114,0.9344262295081968
1385,gaussian_noise,mild,10.0,1443,1435,1138,0.7930313588850174
1385,gaussian_noise,medium,25.0,1443,1443,845,0.5855855855855856
1385,gaussian_noise,severe,50.0,1443,1460,508,0.352044352044352
1385,jpeg_compression,mild,50.0,1443,1441,1080,0.7494795281054824
1385,jpeg_compression,medium,20.0,1443,1433,936,0.6531751570132589
1385,jpeg_compression,severe,5.0,1443,1455,481,0.3333333333333333
1385,low_light,mild,0.6,1443,981,818,0.8338430173292558
1385,low_light,medium,0.35,1443,208,195,0.9375
1385,low_light,severe,0.15,1443,2,2,1.0
1390,gaussian_noise,mild,10.0,1412,1415,1203,0.8519830028328612
1390,gaussian_noise,medium,25.0,1412,1415,995,0.7046742209631728
1390,gaussian_noise,severe,50.0,1412,1423,719,0.5092067988668555
1390,jpeg_compression,mild,50.0,1412,1407,1213,0.8621179815209666
1390,jpeg_compression,medium,20.0,1412,1417,1125,0.796742209631728
1390,jpeg_compression,severe,5.0,1412,1414,730,0.5169971671388102
1390,low_light,mild,0.6,1412,1318,1135,0.8611532625189682
1390,low_light,medium,0.35,1412,795,687,0.8641509433962264
1390,low_light,severe,0.15,1412,29,29,1.0
1422,gaussian_noise,mild,10.0,1437,1445,1150,0.8002783576896312
1422,gaussian_noise,medium,25.0,1437,1446,825,0.5741127348643006
1422,gaussian_noise,severe,50.0,1437,1453,474,0.3298538622129436
1422,jpeg_compression,mild,50.0,1437,1442,1041,0.7244258872651357
1422,jpeg_compression,medium,20.0,1437,1435,840,0.5853658536585366
1422,jpeg_compression,severe,5.0,1437,1455,373,0.2595685455810717
1422,low_light,mild,0.6,1437,1210,1074,0.8876033057851239
1422,low_light,medium,0.35,1437,650,540,0.8307692307692308
1422,low_light,severe,0.15,1437,5,5,1.0
1442,gaussian_noise,mild,10.0,1338,1337,1131,0.8459237097980553
1442,gaussian_noise,medium,25.0,1338,1360,934,0.6980568011958147
1442,gaussian_noise,severe,50.0,1338,1403,619,0.46263079222720477
1442,jpeg_compression,mild,50.0,1338,1342,1066,0.796711509715994
1442,jpeg_compression,medium,20.0,1338,1335,858,0.6426966292134831
1442,jpeg_compression,severe,5.0,1338,1374,541,0.40433482810164423
1442,low_light,mild,0.6,1338,1070,967,0.9037383177570093
1442,low_light,medium,0.35,1338,647,597,0.9227202472952086
1442,low_light,severe,0.15,1338,97,96,0.9896907216494846
1452,gaussian_noise,mild,10.0,1421,1426,1128,0.7938071780436312
1452,gaussian_noise,medium,25.0,1421,1430,832,0.585503166783955
1452,gaussian_noise,severe,50.0,1421,1446,463,0.32582688247712877
1452,jpeg_compression,mild,50.0,1421,1414,1070,0.7567185289957568
1452,jpeg_compression,medium,20.0,1421,1418,929,0.655148095909732
1452,jpeg_compression,severe,5.0,1421,1451,407,0.28641801548205487
1452,low_light,mild,0.6,1421,1004,827,0.8237051792828686
1452,low_light,medium,0.35,1421,351,326,0.9287749287749287
1452,low_light,severe,0.15,1421,11,10,0.9090909090909091
1460,gaussian_noise,mild,10.0,772,920,519,0.6722797927461139
1460,gaussian_noise,medium,25.0,772,1117,317,0.4106217616580311
1460,gaussian_noise,severe,50.0,772,1271,142,0.18393782383419688
1460,jpeg_compression,mild,50.0,772,613,463,0.7553017944535073
1460,jpeg_compression,medium,20.0,772,750,374,0.49866666666666665
1460,jpeg_compression,severe,5.0,772,860,136,0.17616580310880828
1460,low_light,mild,0.6,772,206,202,0.9805825242718447
1460,low_light,medium,0.35,772,76,70,0.9210526315789473
1460,low_light,severe,0.15,772,16,13,0.8125
