dataset_index,distortion_type,severity_level,parameter_value,mean_iou_all_classes,mean_iou_foreground,num_evaluated_classes
11,gaussian_noise,mild,10.0,0.9722825367619864,0.9582386145947741,2
11,gaussian_noise,medium,25.0,0.9300221978917327,0.8952950440474433,2
11,gaussian_noise,severe,50.0,0.4450255306640753,0.11449099320290491,2
11,jpeg_compression,mild,50.0,0.9729561722506039,0.9592799408449986,2
11,jpeg_compression,medium,20.0,0.6903897171957551,0.517220013424898,2
11,jpeg_compression,severe,5.0,0.2518258094276346,0.0,3
11,low_light,mild,0.6,0.9262136653008015,0.887898154829399,2
11,low_light,medium,0.35,0.9277382598852373,0.8902181199401846,2
11,low_light,severe,0.15,0.9544072710458751,0.9311779116055936,2
31,gaussian_noise,mild,10.0,0.4321309184468962,0.2502631848665448,4
31,gaussian_noise,medium,25.0,0.39150157175496947,0.2522985996624594,5
31,gaussian_noise,severe,50.0,0.3443990508692588,0.15511016740099468,4
31,jpeg_compression,mild,50.0,0.31112604556897605,0.09163044665728126,4
31,jpeg_compression,medium,20.0,0.405589634773946,0.22351634385171748,4
31,jpeg_compression,severe,5.0,0.17880807594965703,0.0,5
31,low_light,mild,0.6,0.3112015817569514,0.09561199266559235,4
31,low_light,medium,0.35,0.3132284032103952,0.09830051183378681,4
31,low_light,severe,0.15,0.2973618855759506,0.07497065142645885,4
88,gaussian_noise,mild,10.0,0.9875398731600717,0.9757785467128027,2
88,gaussian_noise,medium,25.0,0.9846835726566892,0.9702266615443719,2
88,gaussian_noise,severe,50.0,0.9763745512754807,0.9540737893927748,2
88,jpeg_compression,mild,50.0,0.9869245756252264,0.974581166955517,2
88,jpeg_compression,medium,20.0,0.9873350039844047,0.9753798807462973,2
88,jpeg_compression,severe,5.0,0.9718170760635957,0.9452133794694348,2
88,low_light,mild,0.6,0.9855594242489465,0.9719284752932128,2
88,low_light,medium,0.35,0.9843667184247322,0.9696095402962108,2
88,low_light,severe,0.15,0.9904094272857573,0.9813569094753027,2
99,gaussian_noise,mild,10.0,0.9929109422556146,0.9916478214985678,2
99,gaussian_noise,medium,25.0,0.9915731314300511,0.9900724604932134,2
99,gaussian_noise,severe,50.0,0.9914457831701051,0.9899224222339383,2
99,jpeg_compression,mild,50.0,0.992071043197507,0.990662088077595,2
99,jpeg_compression,medium,20.0,0.9917916298088609,0.9903352552425971,2
99,jpeg_compression,severe,5.0,0.9814206333775772,0.9780055552200954,2
99,low_light,mild,0.6,0.6599739370161889,0.4953611663353214,3
99,low_light,medium,0.35,0.99249080180777,0.9911544431217131,2
99,low_light,severe,0.15,0.9928343839136294,0.9915574919720794,2
127,gaussian_noise,mild,10.0,0.4546052853813285,0.39649473074345304,8
127,gaussian_noise,medium,25.0,0.35786457619897893,0.2937857382849578,8
127,gaussian_noise,severe,50.0,0.23478320118323628,0.1460243915466547,7
127,jpeg_compression,mild,50.0,0.4767501634374208,0.42351332488082477,8
127,jpeg_compression,medium,20.0,0.4155308312265389,0.3578672077914399,8
127,jpeg_compression,severe,5.0,0.2708790683520362,0.17424272404084476,6
127,low_light,mild,0.6,0.5000463167634277,0.44393293125159594,8
127,low_light,medium,0.35,0.49073638198865766,0.437215764514626,8
127,low_light,severe,0.15,0.46611546887485,0.4034612261560236,7
160,gaussian_noise,mild,10.0,0.7432765950110451,0.6587973171734518,4
160,gaussian_noise,medium,25.0,0.7386612815143944,0.6530021088953744,4
160,gaussian_noise,severe,50.0,0.6969827184763706,0.6038952661161195,4
160,jpeg_compression,mild,50.0,0.7437314872992433,0.6594371398880251,4
160,jpeg_compression,medium,20.0,0.7368367434066636,0.6504120614655239,4
160,jpeg_compression,severe,5.0,0.3681942532051626,0.22789608361804717,5
160,low_light,mild,0.6,0.7398496120067847,0.6546855972620963,4
160,low_light,medium,0.35,0.7361383123577638,0.650076455071061,4
160,low_light,severe,0.15,0.9574654301287883,0.9410864872580607,3
165,gaussian_noise,mild,10.0,0.47866072756666,0.312737584770246,4
165,gaussian_noise,medium,25.0,0.6350042863659929,0.465818289434744,3
165,gaussian_noise,severe,50.0,0.928316323892614,0.8972018682778421,2
165,jpeg_compression,mild,50.0,0.6305702407877853,0.460362026067703,3
165,jpeg_compression,medium,20.0,0.9477052157488282,0.9236005536520614,2
165,jpeg_compression,severe,5.0,0.9034425657484111,0.8580724148094406,2
165,low_light,mild,0.6,0.6430536243254972,0.4741624723860712,3
165,low_light,medium,0.35,0.6408152558599783,0.4717060618481578,3
165,low_light,severe,0.15,0.9362650075744992,0.9075966728608088,2
167,gaussian_noise,mild,10.0,0.543016788530562,0.40084919625738236,4
167,gaussian_noise,medium,25.0,0.5402396460678829,0.3974382981055555,4
167,gaussian_noise,severe,50.0,0.5235327344055551,0.3694768357469796,4
167,jpeg_compression,mild,50.0,0.5427190533635422,0.40064360821013656,4
167,jpeg_compression,medium,20.0,0.5372172441219963,0.3942709422790041,4
167,jpeg_compression,severe,5.0,0.45983850269386617,0.28655379065572817,4
167,low_light,mild,0.6,0.5401322267028353,0.39712882502055596,4
167,low_light,medium,0.35,0.5408366415298264,0.39786939144517475,4
167,low_light,severe,0.15,0.5412448394470848,0.3978744438151349,4
187,gaussian_noise,mild,10.0,0.7985727925628993,0.684290467235643,2
187,gaussian_noise,medium,25.0,0.8722271006404304,0.7994826642789633,2
187,gaussian_noise,severe,50.0,0.8554966532372859,0.7703474783150678,2
187,jpeg_compression,mild,50.0,0.8724147100866486,0.802175309993574,2
187,jpeg_compression,medium,20.0,0.8219725653505825,0.7212888544591847,2
187,jpeg_compression,severe,5.0,0.8458283677463829,0.755902901728798,2
187,low_light,mild,0.6,0.9049721575055052,0.8522749368073109,2
187,low_light,medium,0.35,0.9311081833563475,0.892593327053691,2
187,low_light,severe,0.15,0.7534207294591981,0.603340457531861,2
189,gaussian_noise,mild,10.0,0.5811670167455041,0.535955987699728,5
189,gaussian_noise,medium,25.0,0.5081664144563349,0.47557183024180927,5
189,gaussian_noise,severe,50.0,0.4947440760841831,0.4657681690182101,5
189,jpeg_compression,mild,50.0,0.5931927694960819,0.5430516674822418,5
189,jpeg_compression,medium,20.0,0.725885147039106,0.7125380675461467,4
189,jpeg_compression,severe,5.0,0.05708257090576395,0.0,5
189,low_light,mild,0.6,0.7438415640589416,0.7337904754894757,4
189,low_light,medium,0.35,0.7295565537808233,0.7228531216180359,4
189,low_light,severe,0.15,0.6738879067188672,0.6713956589696121,4
195,gaussian_noise,mild,10.0,0.9610426798130133,0.9490240539818977,4
195,gaussian_noise,medium,25.0,0.7304830994773053,0.6418016726918774,4
195,gaussian_noise,severe,50.0,0.4752423388944987,0.3180379746835443,4
195,jpeg_compression,mild,50.0,0.8899803875223363,0.8567109058288217,4
195,jpeg_compression,medium,20.0,0.5923266899860746,0.46674486499861495,4
195,jpeg_compression,severe,5.0,0.4488639243761607,0.28309785452642594,4
195,low_light,mild,0.6,0.834517211939289,0.7811674001787242,4
195,low_light,medium,0.35,0.6940272535192831,0.5960063959097608,4
195,low_light,severe,0.15,0.5210979421398192,0.3765577100248372,4
196,gaussian_noise,mild,10.0,0.376843734826207,0.17723259452318005,4
196,gaussian_noise,medium,25.0,0.3614168257859759,0.17468676472846037,4
196,gaussian_noise,severe,50.0,0.2634531499094601,0.09013965080122123,4
196,jpeg_compression,mild,50.0,0.3548769279304156,0.1540531439961508,4
196,jpeg_compression,medium,20.0,0.4827074057301612,0.27649937712998507,3
196,jpeg_compression,severe,5.0,0.2241752101917653,0.0,3
196,low_light,mild,0.6,0.547892119348225,0.3374876115570159,3
196,low_light,medium,0.35,0.5461010431751487,0.3321640604560365,3
196,low_light,severe,0.15,0.5712241485258437,0.37061000688033596,3
202,gaussian_noise,mild,10.0,0.8328590845360971,0.8131118876613048,3
202,gaussian_noise,medium,25.0,0.5080472215123298,0.4140873557601619,4
202,gaussian_noise,severe,50.0,0.44993894824919645,0.3569140934059791,4
202,jpeg_compression,mild,50.0,0.818636087134787,0.7960261987036489,3
202,jpeg_compression,medium,20.0,0.6174684215028873,0.5422600407085737,3
202,jpeg_compression,severe,5.0,0.39089908362795406,0.22951013948918633,3
202,low_light,mild,0.6,0.7566226624692379,0.7249211877178967,3
202,low_light,medium,0.35,0.6425778151017073,0.5887180062134153,3
202,low_light,severe,0.15,0.5583650782109215,0.4852933326215769,3
204,gaussian_noise,mild,10.0,0.46784665053163094,0.21655603778401838,3
204,gaussian_noise,medium,25.0,0.3997911665063538,0.118717277486911,3
204,gaussian_noise,severe,50.0,0.47916206632288566,0.0,2
204,jpeg_compression,mild,50.0,0.47595106418566707,0.2285519464418547,3
204,jpeg_compression,medium,20.0,0.5002135460647674,0.04065166795965865,2
204,jpeg_compression,severe,5.0,0.47916206632288566,0.0,2
204,low_light,mild,0.6,0.44363646800494,0.18231454750847245,3
204,low_light,medium,0.35,0.3690905845076367,0.07232893157262905,3
204,low_light,severe,0.15,0.47916206632288566,0.0,2
210,gaussian_noise,mild,10.0,0.24848335648595896,0.0,4
210,gaussian_noise,medium,25.0,0.2480582822489699,0.0,4
210,gaussian_noise,severe,50.0,0.24809635201797658,0.0,4
210,jpeg_compression,mild,50.0,0.2487972463213124,0.0,4
210,jpeg_compression,medium,20.0,0.24866707138426616,0.0,4
210,jpeg_compression,severe,5.0,0.2463755157584375,0.0,4
210,low_light,mild,0.6,0.2488419759500861,0.0,4
210,low_light,medium,0.35,0.24898342643663982,0.0,4
210,low_light,severe,0.15,0.24856813562900856,0.0,4
211,gaussian_noise,mild,10.0,0.9732364384857686,0.9686358466581922,2
211,gaussian_noise,medium,25.0,0.961923999239439,0.9552107023411371,2
211,gaussian_noise,severe,50.0,0.9229529255278657,0.9108481919680054,2
211,jpeg_compression,mild,50.0,0.9717467455963498,0.9669128942201087,2
211,jpeg_compression,medium,20.0,0.9252824323888889,0.9104691191360108,2
211,jpeg_compression,severe,5.0,0.35139730263665675,0.09304534230591811,2
211,low_light,mild,0.6,0.9771098211289375,0.9731765841365165,2
211,low_light,medium,0.35,0.976011592949801,0.9718853436608016,2
211,low_light,severe,0.15,0.9663318955107757,0.9604580234362459,2
214,gaussian_noise,mild,10.0,0.5097135995021153,0.4742204219666409,6
214,gaussian_noise,medium,25.0,0.6057090947310789,0.5887298330181879,5
214,gaussian_noise,severe,50.0,0.5381441730353864,0.5130551744462251,5
214,jpeg_compression,mild,50.0,0.44065829674212226,0.3996776004194646,7
214,jpeg_compression,medium,20.0,0.5885677669140585,0.5704766845099374,5
214,jpeg_compression,severe,5.0,0.3532204957326712,0.26769989496297286,4
214,low_light,mild,0.6,0.5224157376208368,0.479638114639619,6
214,low_light,medium,0.35,0.5053804214561669,0.4647411800478477,6
214,low_light,severe,0.15,0.6669838548611793,0.6681497674041522,4
215,gaussian_noise,mild,10.0,0.7032697627558976,0.6293839148843283,4
215,gaussian_noise,medium,25.0,0.6436190370943166,0.5927975362049104,4
215,gaussian_noise,severe,50.0,0.39138275383970655,0.3651927853108276,4
215,jpeg_compression,mild,50.0,0.5581649506057856,0.468901166558534,5
215,jpeg_compression,medium,20.0,0.6818858567131207,0.6147293431989381,4
215,jpeg_compression,severe,5.0,0.08019454499381247,0.020473179887385163,6
215,low_light,mild,0.6,0.6992995198968173,0.6275326507301133,4
215,low_light,medium,0.35,0.6898140585630657,0.6213831785934035,4
215,low_light,severe,0.15,0.6516881657185832,0.5968219510294112,4
220,gaussian_noise,mild,10.0,0.9513351884137173,0.9446624991747052,3
220,gaussian_noise,medium,25.0,0.9242590957269377,0.920807917232981,3
220,gaussian_noise,severe,50.0,0.7782451087280715,0.7551420173847772,3
220,jpeg_compression,mild,50.0,0.9378864683768491,0.9283044494436866,3
220,jpeg_compression,medium,20.0,0.9247758158632701,0.9197264734086414,3
220,jpeg_compression,severe,5.0,0.0979702643431509,0.0,4
220,low_light,mild,0.6,0.9461291928443935,0.9434698249124148,3
220,low_light,medium,0.35,0.9228547036885725,0.9159335438721627,3
220,low_light,severe,0.15,0.6728317611792596,0.5919725685461984,4
251,gaussian_noise,mild,10.0,0.9231923158369826,0.8852706470232408,3
251,gaussian_noise,medium,25.0,0.8841470118366708,0.8270204247743611,3
251,gaussian_noise,severe,50.0,0.8604401908096865,0.793191957662864,3
251,jpeg_compression,mild,50.0,0.9408596916234432,0.9118331606324898,3
251,jpeg_compression,medium,20.0,0.888021513580033,0.8333062644953313,3
251,jpeg_compression,severe,5.0,0.22715302004241056,0.0,4
251,low_light,mild,0.6,0.935583025162609,0.9038395872238105,3
251,low_light,medium,0.35,0.9355782152552102,0.9040032072749307,3
251,low_light,severe,0.15,0.9258613040847283,0.8898032719309519,3
284,gaussian_noise,mild,10.0,0.9711062096808242,0.9615963212845644,3
284,gaussian_noise,medium,25.0,0.9582011126629104,0.9456466957593314,3
284,gaussian_noise,severe,50.0,0.9364433761895886,0.9157105474054812,3
284,jpeg_compression,mild,50.0,0.975828249571013,0.9683090756475123,3
284,jpeg_compression,medium,20.0,0.9471657315394345,0.9297981385935554,3
284,jpeg_compression,severe,5.0,0.5445277145156776,0.4078440235493609,3
284,low_light,mild,0.6,0.9672668351596769,0.9570866934174815,3
284,low_light,medium,0.35,0.9171881678509767,0.8953213694340645,3
284,low_light,severe,0.15,0.6076449134187646,0.4983979143910881,3
317,gaussian_noise,mild,10.0,0.9393167386285721,0.8835147118097542,2
317,gaussian_noise,medium,25.0,0.6265906070913432,0.4421156373193167,3
317,gaussian_noise,severe,50.0,0.5785465121287304,0.3682014001077006,3
317,jpeg_compression,mild,50.0,0.9308509387141073,0.8672255273120606,2
317,jpeg_compression,medium,20.0,0.9195035878777236,0.8454014400217362,2
317,jpeg_compression,severe,5.0,0.3218228902222198,0.0,3
317,low_light,mild,0.6,0.9316936243339671,0.8688145731375748,2
317,low_light,medium,0.35,0.6114720170902815,0.42730858153134776,3
317,low_light,severe,0.15,0.4692652703790561,0.2955709687655832,4
325,gaussian_noise,mild,10.0,0.9719689796683955,0.9528960223307746,2
325,gaussian_noise,medium,25.0,0.9704909659476819,0.9504071345482745,2
325,gaussian_noise,severe,50.0,0.9549559511495578,0.9243386854568557,2
325,jpeg_compression,mild,50.0,0.9662171254217107,0.9433062997271016,2
325,jpeg_compression,medium,20.0,0.9536506824214881,0.922355887822094,2
325,jpeg_compression,severe,5.0,0.49376048070654427,0.1253433511068024,2
325,low_light,mild,0.6,0.9715969601263974,0.9522776572668112,2
325,low_light,medium,0.35,0.9709161653607442,0.9511449791118676,2
325,low_light,severe,0.15,0.9683798618746002,0.9468927426518867,2
331,gaussian_noise,mild,10.0,0.2622226026659341,0.12716712144437534,4
331,gaussian_noise,medium,25.0,0.1262148247602354,0.001616686743168706,5
331,gaussian_noise,severe,50.0,0.12610761590448724,0.0,5
331,jpeg_compression,mild,50.0,0.21019342603166005,0.06594887015461041,4
331,jpeg_compression,medium,20.0,0.15579237262767168,0.0,4
331,jpeg_compression,severe,5.0,0.20662528085343937,0.0,3
331,low_light,mild,0.6,0.2940996413773373,0.18779042050518097,5
331,low_light,medium,0.35,0.2098732805644445,0.0958650624428876,5
331,low_light,severe,0.15,0.13745713844900237,0.014643026753205635,5
352,gaussian_noise,mild,10.0,0.6629725617078187,0.4960648891744298,3
352,gaussian_noise,medium,25.0,0.9950066222744887,0.9920287715719692,2
352,gaussian_noise,severe,50.0,0.9626825128547869,0.940330428273539,2
352,jpeg_compression,mild,50.0,0.9901954872920277,0.9843841291761831,2
352,jpeg_compression,medium,20.0,0.9907079666704222,0.9851806360310806,2
352,jpeg_compression,severe,5.0,0.8175185450607539,0.7043112286192198,2
352,low_light,mild,0.6,0.994327055540476,0.9909485298055809,2
352,low_light,medium,0.35,0.9956095504951974,0.9929904659594467,2
352,low_light,severe,0.15,0.9960420040994002,0.9936785474108945,2
356,gaussian_noise,mild,10.0,0.9865404658785022,0.9740358335863953,2
356,gaussian_noise,medium,25.0,0.9726416365114101,0.9472247497725205,2
356,gaussian_noise,severe,50.0,0.9338311140950881,0.8726522481502561,2
356,jpeg_compression,mild,50.0,0.9919502027578331,0.9844701583434835,2
356,jpeg_compression,medium,20.0,0.9823910229819431,0.9660268129189519,2
356,jpeg_compression,severe,5.0,0.5051336403042763,0.044095209032651815,2
356,low_light,mild,0.6,0.9925956642677403,0.9857164564655827,2
356,low_light,medium,0.35,0.9923593602213183,0.9852605986932077,2
356,low_light,severe,0.15,0.9850104776629849,0.97109913147649,2
358,gaussian_noise,mild,10.0,0.6276765572912764,0.44950140628995144,3
358,gaussian_noise,medium,25.0,0.6062007573378776,0.42383398255713745,3
358,gaussian_noise,severe,50.0,0.945644654933727,0.9053449583017438,2
358,jpeg_compression,mild,50.0,0.9666967867570924,0.9419685551432615,2
358,jpeg_compression,medium,20.0,0.9740663743600542,0.9547288385444953,2
358,jpeg_compression,severe,5.0,0.5827041707690213,0.2589601006616065,2
358,low_light,mild,0.6,0.970682089884372,0.9488651689722939,2
358,low_light,medium,0.35,0.9568621452673106,0.925,2
358,low_light,severe,0.15,0.9421361274684088,0.8997511163165215,2
360,gaussian_noise,mild,10.0,0.7472073822731777,0.6181304830089744,2
360,gaussian_noise,medium,25.0,0.466427287932406,0.16789463060153412,2
360,gaussian_noise,severe,50.0,0.4556594899048488,0.15269192422731803,2
360,jpeg_compression,mild,50.0,0.9013154413110179,0.856023979887836,2
360,jpeg_compression,medium,20.0,0.724741745052701,0.647774882063801,2
360,jpeg_compression,severe,5.0,0.36535975286128386,0.0,2
360,low_light,mild,0.6,0.8720695428240229,0.8098836330663443,2
360,low_light,medium,0.35,0.7305926835846195,0.5921948268038119,2
360,low_light,severe,0.15,0.4604762393088863,0.15787612407800344,2
375,gaussian_noise,mild,10.0,0.46230757920702675,0.22978294920563885,3
375,gaussian_noise,medium,25.0,0.5528794753987393,0.3629752588728164,3
375,gaussian_noise,severe,50.0,0.36575894929069164,0.10553871589969689,3
375,jpeg_compression,mild,50.0,0.5312704284617289,0.3162478153438197,3
375,jpeg_compression,medium,20.0,0.7237338125487959,0.5051465925167081,2
375,jpeg_compression,severe,5.0,0.23538998523291718,0.0,4
375,low_light,mild,0.6,0.5763838842802941,0.37491130977721016,3
375,low_light,medium,0.35,0.9265867195128725,0.8618450716926684,2
375,low_light,severe,0.15,0.7662538730860415,0.5585441549891846,2
400,gaussian_noise,mild,10.0,0.5411096800390671,0.36327055155269034,3
400,gaussian_noise,medium,25.0,0.8351265865384512,0.7118909991742361,2
400,gaussian_noise,severe,50.0,0.8310911215178021,0.7051722726900729,2
400,jpeg_compression,mild,50.0,0.8461597087912456,0.7303180451446237,2
400,jpeg_compression,medium,20.0,0.8342146175638927,0.7103843143716274,2
400,jpeg_compression,severe,5.0,0.31063088957825796,0.0,3
400,low_light,mild,0.6,0.9262876136388214,0.8681971504807935,2
400,low_light,medium,0.35,0.8398826488927806,0.7198297446169254,2
400,low_light,severe,0.15,0.8353264853248294,0.7122388306218516,2
431,gaussian_noise,mild,10.0,0.7184588986194839,0.6310575723816023,4
431,gaussian_noise,medium,25.0,0.7059080400692956,0.6159950644802628,4
431,gaussian_noise,severe,50.0,0.9073018912339884,0.8817324988275985,3
431,jpeg_compression,mild,50.0,0.5690614374451586,0.4670500341545779,5
431,jpeg_compression,medium,20.0,0.5615732616025666,0.4589050707668949,5
431,jpeg_compression,severe,5.0,0.2562227553389289,0.1178614406469999,4
431,low_light,mild,0.6,0.6995706873947938,0.607536482304229,4
431,low_light,medium,0.35,0.683353446477517,0.5900827022767555,4
431,low_light,severe,0.15,0.6782430056354499,0.5862487368916107,4
440,gaussian_noise,mild,10.0,0.9952459909608569,0.9909795182001486,2
440,gaussian_noise,medium,25.0,0.9928461391662261,0.9864262990455992,2
440,gaussian_noise,severe,50.0,0.9855200924047962,0.9725424439320897,2
440,jpeg_compression,mild,50.0,0.9930641229963059,0.9868393122479304,2
440,jpeg_compression,medium,20.0,0.9933451219564675,0.9873726655348047,2
440,jpeg_compression,severe,5.0,0.9886103314508661,0.9784021807506815,2
440,low_light,mild,0.6,0.996980687759949,0.9942711648631445,2
440,low_light,medium,0.35,0.9974269543503722,0.9951178093822968,2
440,low_light,severe,0.15,0.9974272126504997,0.995118327496551,2
444,gaussian_noise,mild,10.0,0.6513828785654615,0.48025390289929665,3
444,gaussian_noise,medium,25.0,0.9850185199485726,0.9754157134564824,2
444,gaussian_noise,severe,50.0,0.9678691446737618,0.9475962332727573,2
444,jpeg_compression,mild,50.0,0.6504380397117013,0.4791101651275361,3
444,jpeg_compression,medium,20.0,0.9746238308179295,0.9582326544701415,2
444,jpeg_compression,severe,5.0,0.19477880541956347,0.002465380982005023,4
444,low_light,mild,0.6,0.6513263459002313,0.4797522793738173,3
444,low_light,medium,0.35,0.6527848854122763,0.48108563954288863,3
444,low_light,severe,0.15,0.6569680319680319,0.4875124875124875,3
456,gaussian_noise,mild,10.0,0.996043111930196,0.9934789999072844,2
456,gaussian_noise,medium,25.0,0.9967742552975591,0.9946841389541352,2
456,gaussian_noise,severe,50.0,0.994935799364659,0.9916530126441401,2
456,jpeg_compression,mild,50.0,0.993226890005763,0.9888339004021033,2
456,jpeg_compression,medium,20.0,0.9900784811357906,0.9836410303986146,2
456,jpeg_compression,severe,5.0,0.8718696087021184,0.7872169285979458,2
456,low_light,mild,0.6,0.9914633525100196,0.9859246427024686,2
456,low_light,medium,0.35,0.9888580581617072,0.9816264035386186,2
456,low_light,severe,0.15,0.9904189068315896,0.9842040185471407,2
469,gaussian_noise,mild,10.0,0.7533607130652763,0.679621179688542,4
469,gaussian_noise,medium,25.0,0.7056054407332314,0.6196590486518999,4
469,gaussian_noise,severe,50.0,0.5862594495892792,0.49039847579055285,4
469,jpeg_compression,mild,50.0,0.7517414142281756,0.6778733194564172,4
469,jpeg_compression,medium,20.0,0.7239083670541699,0.6413651801574647,4
469,jpeg_compression,severe,5.0,0.10474232033546145,0.0036617357720615026,5
469,low_light,mild,0.6,0.7404923435474854,0.6627208993666375,4
469,low_light,medium,0.35,0.7119060572873469,0.6275157184213412,4
469,low_light,severe,0.15,0.48563070180632545,0.35595713564487946,4
474,gaussian_noise,mild,10.0,0.9412572759657923,0.9125822080827903,3
474,gaussian_noise,medium,25.0,0.9252655737771692,0.8891165095654707,3
474,gaussian_noise,severe,50.0,0.6082977151009105,0.47994731779526695,4
474,jpeg_compression,mild,50.0,0.9431258313635773,0.915658393170125,3
474,jpeg_compression,medium,20.0,0.7009476123548845,0.6023317943583278,4
474,jpeg_compression,severe,5.0,0.1847921188470665,0.0,5
474,low_light,mild,0.6,0.9596284483159095,0.9398775846702621,3
474,low_light,medium,0.35,0.9608360736314442,0.9417832238477234,3
474,low_light,severe,0.15,0.9535113563202063,0.9311360659659886,3
490,gaussian_noise,mild,10.0,0.6659976105203297,0.589752073003277,4
490,gaussian_noise,medium,25.0,0.3770312792502468,0.3062004399550761,4
490,gaussian_noise,severe,50.0,0.5022257265889991,0.4578106250681793,3
490,jpeg_compression,mild,50.0,0.4515916164472884,0.35710489683272895,6
490,jpeg_compression,medium,20.0,0.5154933237406886,0.4473803980532527,4
490,jpeg_compression,severe,5.0,0.26270855961271283,0.16970823908292756,5
490,low_light,mild,0.6,0.6943764511298651,0.6130241471782639,4
490,low_light,medium,0.35,0.6967581150335413,0.6122443338687487,4
490,low_light,severe,0.15,0.5693173578893009,0.5012069661902651,4
492,gaussian_noise,mild,10.0,0.9493744774075078,0.9417416963002194,2
492,gaussian_noise,medium,25.0,0.9525101185165229,0.9455958224018679,2
492,gaussian_noise,severe,50.0,0.6092202866722005,0.45776222539445927,3
492,jpeg_compression,mild,50.0,0.9422588437027695,0.9332752018804261,2
492,jpeg_compression,medium,20.0,0.9131411179558544,0.9004126886356637,2
492,jpeg_compression,severe,5.0,0.8359536258777084,0.8047647587653581,2
492,low_light,mild,0.6,0.9475788278368136,0.9396004492737162,2
492,low_light,medium,0.35,0.9458865117839877,0.9377641376534513,2
492,low_light,severe,0.15,0.9402432379116451,0.9317144739950514,2
520,gaussian_noise,mild,10.0,0.9500137935052874,0.9141125343092407,2
520,gaussian_noise,medium,25.0,0.9319702307518661,0.882927763939452,2
520,gaussian_noise,severe,50.0,0.44058905520742314,0.019044294469009387,2
520,jpeg_compression,mild,50.0,0.9380388723205337,0.8937654737789782,2
520,jpeg_compression,medium,20.0,0.7760337256888894,0.6307286992270056,2
520,jpeg_compression,severe,5.0,0.42991622131490675,0.0,2
520,low_light,mild,0.6,0.9678054245701476,0.9445799930289299,2
520,low_light,medium,0.35,0.9471306457622324,0.9089112746997288,2
520,low_light,severe,0.15,0.8767965103312378,0.7871433002481389,2
544,gaussian_noise,mild,10.0,0.9924346269491624,0.9884036285420369,2
544,gaussian_noise,medium,25.0,0.9667745890087742,0.948995507135042,2
544,gaussian_noise,severe,50.0,0.3015386677203271,0.0,3
544,jpeg_compression,mild,50.0,0.9891148210490066,0.983330229092941,2
544,jpeg_compression,medium,20.0,0.4696073204885397,0.30340448682157223,4
544,jpeg_compression,severe,5.0,0.3194230164406205,0.058223887564185055,2
544,low_light,mild,0.6,0.9911586542993369,0.9864485981308411,2
544,low_light,medium,0.35,0.9819393322239998,0.9723307291666666,2
544,low_light,severe,0.15,0.756547658937657,0.6208990393329709,2
545,gaussian_noise,mild,10.0,0.856841935675901,0.7645788975632837,2
545,gaussian_noise,medium,25.0,0.7534337161687462,0.6225377334356613,2
545,gaussian_noise,severe,50.0,0.41928679193526264,0.0,2
545,jpeg_compression,mild,50.0,0.9258403155564566,0.8753080168776372,2
545,jpeg_compression,medium,20.0,0.8868198996639794,0.8160809130975252,2
545,jpeg_compression,severe,5.0,0.41928679193526264,0.0,2
545,low_light,mild,0.6,0.808678704724664,0.6776963212469453,2
545,low_light,medium,0.35,0.827604692047528,0.7119918763684828,2
545,low_light,severe,0.15,0.8779749334066604,0.794775994929446,2
552,gaussian_noise,mild,10.0,0.37660601408488126,0.27457453891984274,6
552,gaussian_noise,medium,25.0,0.3871431240047876,0.28081122039223694,5
552,gaussian_noise,severe,50.0,0.3282035171765263,0.20852255683681087,4
552,jpeg_compression,mild,50.0,0.4332301948582156,0.32762100633277536,6
552,jpeg_compression,medium,20.0,0.37407447331706933,0.252223606536954,6
552,jpeg_compression,severe,5.0,0.13617542010867478,0.006973099190736653,4
552,low_light,mild,0.6,0.4254840690900869,0.3287080852649871,6
552,low_light,medium,0.35,0.4206561706521024,0.3222241229731475,6
552,low_light,severe,0.15,0.48627094386466785,0.3856270198399206,4
556,gaussian_noise,mild,10.0,0.6249456629918373,0.48626739593781343,3
556,gaussian_noise,medium,25.0,0.6419459153858172,0.4884083711207337,3
556,gaussian_noise,severe,50.0,0.8113326878630378,0.8430218611568662,2
556,jpeg_compression,mild,50.0,0.6264588838660222,0.4816375794884615,3
556,jpeg_compression,medium,20.0,0.9405342354145302,0.9575017701111863,2
556,jpeg_compression,severe,5.0,0.15268498168498168,0.0,3
556,low_light,mild,0.6,0.9467563065312141,0.9618136185583938,2
556,low_light,medium,0.35,0.9328487477125704,0.9520832849208747,2
556,low_light,severe,0.15,0.8917506225014074,0.9226583163591038,2
565,gaussian_noise,mild,10.0,0.6597626466849472,0.49057344854674,3
565,gaussian_noise,medium,25.0,0.6575617965820931,0.48980392156862745,3
565,gaussian_noise,severe,50.0,0.6412365850203641,0.47054202670856243,3
565,jpeg_compression,mild,50.0,0.6462781565583887,0.4721131186174391,3
565,jpeg_compression,medium,20.0,0.5393440372228521,0.31343283582089554,3
565,jpeg_compression,severe,5.0,0.33163952085719456,0.0,3
565,low_light,mild,0.6,0.6509015354033593,0.4783974862529458,3
565,low_light,medium,0.35,0.617600916934141,0.43087195600942657,3
565,low_light,severe,0.15,0.6388616876903541,0.46190102120974075,3
588,gaussian_noise,mild,10.0,0.6969224424119805,0.5960951735555167,4
588,gaussian_noise,medium,25.0,0.9611162536725777,0.9420279327787786,3
588,gaussian_noise,severe,50.0,0.6510106231603656,0.5016130841814023,3
588,jpeg_compression,mild,50.0,0.7836806195619991,0.675847931767602,3
588,jpeg_compression,medium,20.0,0.9759043297205432,0.9641702042239302,3
588,jpeg_compression,severe,5.0,0.482995341842902,0.33346691597167516,4
588,low_light,mild,0.6,0.962678493780571,0.9442889436955679,3
588,low_light,medium,0.35,0.7275554341735622,0.6369922448558313,4
588,low_light,severe,0.15,0.7567360331783451,0.6365470129348219,3
613,gaussian_noise,mild,10.0,0.8385649549574502,0.7594543087775085,3
613,gaussian_noise,medium,25.0,0.3284530956932217,0.0,3
613,gaussian_noise,severe,50.0,0.3284530956932217,0.0,3
613,jpeg_compression,mild,50.0,0.696045206039524,0.547284753260914,3
613,jpeg_compression,medium,20.0,0.24499905769593194,0.0,4
613,jpeg_compression,severe,5.0,0.3284530956932217,0.0,3
613,low_light,mild,0.6,0.8664347756726601,0.8009249274507972,3
613,low_light,medium,0.35,0.3555686301402523,0.04029099048684947,3
613,low_light,severe,0.15,0.3284530956932217,0.0,3
637,gaussian_noise,mild,10.0,0.9848482236986142,0.9797666541211894,2
637,gaussian_noise,medium,25.0,0.6490546552963528,0.4823920464754147,3
637,gaussian_noise,severe,50.0,0.9482198089119025,0.9319573729579324,2
637,jpeg_compression,mild,50.0,0.9862989474264112,0.9817407090666307,2
637,jpeg_compression,medium,20.0,0.6536059624837266,0.4869474599652132,3
637,jpeg_compression,severe,5.0,0.7697521869134227,0.678204140805509,2
637,low_light,mild,0.6,0.9908413031746968,0.9877811760806352,2
637,low_light,medium,0.35,0.9880340568381336,0.984022428892272,2
637,low_light,severe,0.15,0.9808048474040687,0.9743416000361386,2
664,gaussian_noise,mild,10.0,0.635300449982335,0.4844727435210009,3
664,gaussian_noise,medium,25.0,0.9340172345594504,0.8835322688988787,2
664,gaussian_noise,severe,50.0,0.547732167532324,0.33313083337935606,3
664,jpeg_compression,mild,50.0,0.47683862939242766,0.3247531800895483,4
664,jpeg_compression,medium,20.0,0.6358442510030881,0.4616120799659719,3
664,jpeg_compression,severe,5.0,0.6106916583844364,0.2989370870439529,2
664,low_light,mild,0.6,0.9849483483146029,0.9731967992837558,2
664,low_light,medium,0.35,0.9809815011388643,0.9661507627213005,2
664,low_light,severe,0.15,0.9690650348493999,0.9450489365192192,2
691,gaussian_noise,mild,10.0,0.5342543051294606,0.3192375998147918,3
691,gaussian_noise,medium,25.0,0.4804644621624812,0.24004454826968002,3
691,gaussian_noise,severe,50.0,0.46606026769172076,0.22158698080093603,3
691,jpeg_compression,mild,50.0,0.536730657724588,0.32356040291375576,3
691,jpeg_compression,medium,20.0,0.4861061587979337,0.24854206385983157,3
691,jpeg_compression,severe,5.0,0.31707604172073467,0.018774488463212887,3
691,low_light,mild,0.6,0.6034801019698031,0.42249412785947715,3
691,low_light,medium,0.35,0.6068800979756831,0.42772079218350834,3
691,low_light,severe,0.15,0.6028370480248932,0.42247292169438805,3
699,gaussian_noise,mild,10.0,0.9138086753181188,0.8800291976879523,3
699,gaussian_noise,medium,25.0,0.8558725218591182,0.7947681170640737,3
699,gaussian_noise,severe,50.0,0.6270501362681171,0.5128971957409229,4
699,jpeg_compression,mild,50.0,0.8774993382918517,0.8252329568133537,3
699,jpeg_compression,medium,20.0,0.8745732892686121,0.8224468406440332,3
699,jpeg_compression,severe,5.0,0.15393838440650695,6.2094060082212535e-06,4
699,low_light,mild,0.6,0.9236887923141234,0.8938093035715571,3
699,low_light,medium,0.35,0.9241159663301746,0.8952459180024963,3
699,low_light,severe,0.15,0.7948247248296996,0.7043071121344197,3
704,gaussian_noise,mild,10.0,0.9115486281499896,0.8724874309714182,3
704,gaussian_noise,medium,25.0,0.8886346699749103,0.8401751259837137,3
704,gaussian_noise,severe,50.0,0.7878954364247318,0.6990416002284882,3
704,jpeg_compression,mild,50.0,0.8859975223541198,0.835709110044645,3
704,jpeg_compression,medium,20.0,0.865432804063551,0.8064899096041139,3
704,jpeg_compression,severe,5.0,0.6557855258198989,0.5112088407736749,3
704,low_light,mild,0.6,0.8943620619014383,0.8471535610360542,3
704,low_light,medium,0.35,0.8684591229425918,0.8095380595509191,3
704,low_light,severe,0.15,0.8218719331623433,0.7469671611798416,3
705,gaussian_noise,mild,10.0,0.964637228648783,0.941674904674481,2
705,gaussian_noise,medium,25.0,0.9929180080048252,0.9882138607971446,2
705,gaussian_noise,severe,50.0,0.2551970406049572,0.07866137010942888,5
705,jpeg_compression,mild,50.0,0.9644588261913549,0.9413861246382949,2
705,jpeg_compression,medium,20.0,0.9761936877796638,0.9605992941006987,2
705,jpeg_compression,severe,5.0,0.2189913836043149,0.0,4
705,low_light,mild,0.6,0.9882505549078298,0.9804872671149818,2
705,low_light,medium,0.35,0.9899513572525096,0.9833032324647083,2
705,low_light,severe,0.15,0.9834480999988702,0.9724736744873452,2
711,gaussian_noise,mild,10.0,0.9731844941046031,0.964167570122036,2
711,gaussian_noise,medium,25.0,0.9128600267811474,0.8828156044889626,2
711,gaussian_noise,severe,50.0,0.4608444015438938,0.2797702572568441,3
711,jpeg_compression,mild,50.0,0.6491459225142955,0.48174749786318893,3
711,jpeg_compression,medium,20.0,0.8801098953410512,0.8434072226605248,2
711,jpeg_compression,severe,5.0,0.5586956271469371,0.4055362205268859,2
711,low_light,mild,0.6,0.9744800177915742,0.9660905078173343,2
711,low_light,medium,0.35,0.9713910819191083,0.961776099301612,2
711,low_light,severe,0.15,0.9532186767222125,0.937222098710538,2
715,gaussian_noise,mild,10.0,0.5414686090290504,0.4876926514671137,6
715,gaussian_noise,medium,25.0,0.587246564911904,0.5349777405464256,5
715,gaussian_noise,severe,50.0,0.45966396660828635,0.39313492596634597,4
715,jpeg_compression,mild,50.0,0.5245005226584148,0.4728901887891821,6
715,jpeg_compression,medium,20.0,0.4477174288634631,0.38308733556200175,6
715,jpeg_compression,severe,5.0,0.40791285986470366,0.35025556709260125,4
715,low_light,mild,0.6,0.5417197102211616,0.4946574169415256,6
715,low_light,medium,0.35,0.5498439943674632,0.5021460386298701,6
715,low_light,severe,0.15,0.6592238784051827,0.6242045339876313,5
724,gaussian_noise,mild,10.0,0.5753685525447769,0.47864783732784,4
724,gaussian_noise,medium,25.0,0.42904933006591167,0.21827195929417137,3
724,gaussian_noise,severe,50.0,0.4253909356811975,0.21345077109459415,3
724,jpeg_compression,mild,50.0,0.57766008834225,0.4806378732899577,4
724,jpeg_compression,medium,20.0,0.7807095952305408,0.7294721826086311,3
724,jpeg_compression,severe,5.0,0.32354885068509087,0.1428157443806068,4
724,low_light,mild,0.6,0.5783428897194667,0.48093939973135735,4
724,low_light,medium,0.35,0.7685042214312805,0.7178366029548723,3
724,low_light,severe,0.15,0.5126000986334398,0.34193228087636995,3
731,gaussian_noise,mild,10.0,0.9934040713781733,0.9946284878252691,2
731,gaussian_noise,medium,25.0,0.9866385632719673,0.9890734357045858,2
731,gaussian_noise,severe,50.0,0.6176595972808826,0.4580261096605744,3
731,jpeg_compression,mild,50.0,0.9962068780875998,0.9969171604435109,2
731,jpeg_compression,medium,20.0,0.9953078017837285,0.9961891437580263,2
731,jpeg_compression,severe,5.0,0.12965995032356512,0.0,4
731,low_light,mild,0.6,0.9958350291820698,0.9966142077873221,2
731,low_light,medium,0.35,0.9950009400038724,0.9959375489530573,2
731,low_light,severe,0.15,0.9878851851157385,0.9901864063554702,2
732,gaussian_noise,mild,10.0,0.44057804297218356,0.32766005335663545,4
732,gaussian_noise,medium,25.0,0.643608158184318,0.49199731929907553,3
732,gaussian_noise,severe,50.0,0.6058043737936646,0.4332975466221321,3
732,jpeg_compression,mild,50.0,0.9803001502759081,0.9713233830845771,2
732,jpeg_compression,medium,20.0,0.6189599710940871,0.48249502089272467,3
732,jpeg_compression,severe,5.0,0.2429082288653166,0.0,3
732,low_light,mild,0.6,0.9858749741610074,0.9794632206759444,2
732,low_light,medium,0.35,0.9838255801646072,0.9765210855289185,2
732,low_light,severe,0.15,0.9687668110750887,0.9549109651417389,2
761,gaussian_noise,mild,10.0,0.32107200989221907,0.14433069107100213,4
761,gaussian_noise,medium,25.0,0.3834207918273296,0.2058472986558053,4
761,gaussian_noise,severe,50.0,0.18040998370357664,0.0,5
761,jpeg_compression,mild,50.0,0.33773302051382925,0.16501650165016502,4
761,jpeg_compression,medium,20.0,0.5180511446160739,0.3826073043675658,4
761,jpeg_compression,severe,5.0,0.2049664541633028,0.0,4
761,low_light,mild,0.6,0.3605100088761688,0.22900360551865334,5
761,low_light,medium,0.35,0.4306192146411538,0.2827763251570457,4
761,low_light,severe,0.15,0.4379102946718048,0.23580616544688401,3
800,gaussian_noise,mild,10.0,0.9785917872011829,0.967440996959922,2
800,gaussian_noise,medium,25.0,0.9705595080880152,0.9552449168207024,2
800,gaussian_noise,severe,50.0,0.62243780732276,0.4494083445002158,3
800,jpeg_compression,mild,50.0,0.9809950202576989,0.9711235642830678,2
800,jpeg_compression,medium,20.0,0.9757044408448542,0.9630717971262639,2
800,jpeg_compression,severe,5.0,0.2538073439101198,0.0,3
800,low_light,mild,0.6,0.981408650262681,0.9717342368476016,2
800,low_light,medium,0.35,0.9763859570638643,0.9640987631444851,2
800,low_light,severe,0.15,0.970655469331356,0.9554264905851714,2
837,gaussian_noise,mild,10.0,0.8150845779239408,0.7905721841680985,3
837,gaussian_noise,medium,25.0,0.2874787803954429,0.14580662084177148,3
837,gaussian_noise,severe,50.0,0.1397698400836945,0.0,4
837,jpeg_compression,mild,50.0,0.8133111439351159,0.7800430646909993,3
837,jpeg_compression,medium,20.0,0.4230926643609705,0.2970852670184249,4
837,jpeg_compression,severe,5.0,0.13170162937396604,0.00014436263894903998,4
837,low_light,mild,0.6,0.8372120754905996,0.8119326927437951,3
837,low_light,medium,0.35,0.8110105691106656,0.7808484364121788,3
837,low_light,severe,0.15,0.7297695054406074,0.6815085823506682,3
859,gaussian_noise,mild,10.0,0.9976415815526201,0.9958833619210977,2
859,gaussian_noise,medium,25.0,0.9958586014185858,0.9927737632017788,2
859,gaussian_noise,severe,50.0,0.9825228574506242,0.9695604580666891,2
859,jpeg_compression,mild,50.0,0.996932246979184,0.994645993061207,2
859,jpeg_compression,medium,20.0,0.9944511168040733,0.9903214803445042,2
859,jpeg_compression,severe,5.0,0.29336788971305733,0.0,3
859,low_light,mild,0.6,0.9985239994574007,0.9974231231747123,2
859,low_light,medium,0.35,0.998008820639219,0.9965240526970777,2
859,low_light,severe,0.15,0.9888678459266198,0.9806050874672526,2
860,gaussian_noise,mild,10.0,0.9907801874891999,0.9891145809343957,2
860,gaussian_noise,medium,25.0,0.9880451164113663,0.9859010470883596,2
860,gaussian_noise,severe,50.0,0.9769888583896951,0.9728494377913887,2
860,jpeg_compression,mild,50.0,0.9901221513972766,0.9883430219181865,2
860,jpeg_compression,medium,20.0,0.9850995910885998,0.9824075208231259,2
860,jpeg_compression,severe,5.0,0.20956036158318667,0.011617846990483254,3
860,low_light,mild,0.6,0.9940829509961142,0.9930039757142417,2
860,low_light,medium,0.35,0.9931590279317777,0.9919072649638524,2
860,low_light,severe,0.15,0.9899795404196363,0.9881394310007547,2
903,gaussian_noise,mild,10.0,0.6578642432906469,0.5597591253396893,3
903,gaussian_noise,medium,25.0,0.6506379768903622,0.5530532973791189,3
903,gaussian_noise,severe,50.0,0.5231136684401535,0.3482111110810453,3
903,jpeg_compression,mild,50.0,0.6521522033366353,0.5391122375669944,3
903,jpeg_compression,medium,20.0,0.6947996666340431,0.6063097094513452,3
903,jpeg_compression,severe,5.0,0.33730812904767804,0.09322938914993592,3
903,low_light,mild,0.6,0.7119011847815419,0.6313435511481637,3
903,low_light,medium,0.35,0.7048258801202302,0.6233229489808436,3
903,low_light,severe,0.15,0.7201457476741296,0.6391318009537656,3
908,gaussian_noise,mild,10.0,0.6717939638859874,0.5612232672305822,3
908,gaussian_noise,medium,25.0,0.6739988541070051,0.5641849533615567,3
908,gaussian_noise,severe,50.0,0.6639419776706621,0.550146234333408,3
908,jpeg_compression,mild,50.0,0.6881128641450124,0.5845650424237561,3
908,jpeg_compression,medium,20.0,0.5035255102106262,0.3724089939614397,4
908,jpeg_compression,severe,5.0,0.672992114228259,0.5597611553398782,3
908,low_light,mild,0.6,0.684616985191718,0.5790162805199616,3
908,low_light,medium,0.35,0.6837373558734523,0.5776937538803243,3
908,low_light,severe,0.15,0.6747035616841847,0.5652625958917582,3
926,gaussian_noise,mild,10.0,0.9931187823059897,0.9884144193510509,2
926,gaussian_noise,medium,25.0,0.9899546911178259,0.9831010045946578,2
926,gaussian_noise,severe,50.0,0.9785255534550934,0.9639222941720629,2
926,jpeg_compression,mild,50.0,0.9961779749734194,0.9935625686921024,2
926,jpeg_compression,medium,20.0,0.9919563843141915,0.9864654029175443,2
926,jpeg_compression,severe,5.0,0.377122884866212,0.12576032861995418,3
926,low_light,mild,0.6,0.9956667570577666,0.9927018755395118,2
926,low_light,medium,0.35,0.9949497219200609,0.9914958655014304,2
926,low_light,severe,0.15,0.988308468953295,0.9803465519246424,2
937,gaussian_noise,mild,10.0,0.9431342132268383,0.9073450916686006,2
937,gaussian_noise,medium,25.0,0.9453219216994657,0.9107581607581607,2
937,gaussian_noise,severe,50.0,0.3356519206186652,0.008854366449303158,3
937,jpeg_compression,mild,50.0,0.9197566223983085,0.8702765874561745,2
937,jpeg_compression,medium,20.0,0.9449010602498367,0.9101728452540302,2
937,jpeg_compression,severe,5.0,0.24579076406818018,0.0,4
937,low_light,mild,0.6,0.9422542318364645,0.9059423143750724,2
937,low_light,medium,0.35,0.9415981598002576,0.9048941339812565,2
937,low_light,severe,0.15,0.9600951258109989,0.9345620459866723,2
949,gaussian_noise,mild,10.0,0.8262360596666101,0.7397470154174502,3
949,gaussian_noise,medium,25.0,0.7953197430821751,0.6934007879626363,3
949,gaussian_noise,severe,50.0,0.5718206201674166,0.35877353201966034,3
949,jpeg_compression,mild,50.0,0.8087336015166313,0.7135180836477736,3
949,jpeg_compression,medium,20.0,0.746585518140526,0.6204479870480147,3
949,jpeg_compression,severe,5.0,0.1847643208147314,0.007550001086767824,5
949,low_light,mild,0.6,0.8274726170448314,0.7415805622552211,3
949,low_light,medium,0.35,0.8228556465037604,0.7347294274675236,3
949,low_light,severe,0.15,0.7671740764231217,0.6513238867296813,3
966,gaussian_noise,mild,10.0,0.9814932588055623,0.9641215977377166,2
966,gaussian_noise,medium,25.0,0.974799034032105,0.9511463844797178,2
966,gaussian_noise,severe,50.0,0.9784464065541292,0.958223626470072,2
966,jpeg_compression,mild,50.0,0.9845043081588879,0.9699593567768157,2
966,jpeg_compression,medium,20.0,0.9712018922630434,0.9441696113074205,2
966,jpeg_compression,severe,5.0,0.914097018850972,0.8334509527170078,2
966,low_light,mild,0.6,0.9829606200934273,0.9669669669669669,2
966,low_light,medium,0.35,0.9822741330879484,0.9656387665198238,2
966,low_light,severe,0.15,0.978320549525556,0.957983193277311,2
979,gaussian_noise,mild,10.0,0.31200471507945726,0.12850343774082915,4
979,gaussian_noise,medium,25.0,0.3830252931670045,0.19677819551239664,4
979,gaussian_noise,severe,50.0,0.14071640788026313,0.0006644745855596657,5
979,jpeg_compression,mild,50.0,0.34504144940550635,0.16227260012266936,4
979,jpeg_compression,medium,20.0,0.41799160973085653,0.23941415276387035,4
979,jpeg_compression,severe,5.0,0.14256976025738793,0.0,5
979,low_light,mild,0.6,0.2989283803927944,0.13080681234955827,4
979,low_light,medium,0.35,0.3290772167967166,0.15707250049759483,4
979,low_light,severe,0.15,0.3905536714022065,0.20548647348605428,4
1039,gaussian_noise,mild,10.0,0.9928046708087543,0.9919592187345979,2
1039,gaussian_noise,medium,25.0,0.9926165011567278,0.9917496163430808,2
1039,gaussian_noise,severe,50.0,0.44963074566383215,0.17901147045896015,3
1039,jpeg_compression,mild,50.0,0.9920649012268359,0.9911358743826769,2
1039,jpeg_compression,medium,20.0,0.9892248787422347,0.9879800274902522,2
1039,jpeg_compression,severe,5.0,0.22639915929398302,0.0,4
1039,low_light,mild,0.6,0.992904992353673,0.9920707575736236,2
1039,low_light,medium,0.35,0.9930555004160602,0.9922381247534795,2
1039,low_light,severe,0.15,0.9898340832580526,0.9886435508580584,2
1043,gaussian_noise,mild,10.0,0.3250793889293528,0.4875853533959181,3
1043,gaussian_noise,medium,25.0,0.32324766389748494,0.4848377997179126,3
1043,gaussian_noise,severe,50.0,0.28019380401637783,0.4202574328048504,3
1043,jpeg_compression,mild,50.0,0.3220051440258524,0.4829741233700426,3
1043,jpeg_compression,medium,20.0,0.32036613451857876,0.48051555734568524,3
1043,jpeg_compression,severe,5.0,1.9949089922517733e-05,0.0,4
1043,low_light,mild,0.6,0.3225697674821922,0.48382100407421125,3
1043,low_light,medium,0.35,0.3229405063019753,0.48437710437710435,3
1043,low_light,severe,0.15,0.3171996688068753,0.4757659046725213,3
1048,gaussian_noise,mild,10.0,0.5969275512086096,0.47292456968084956,4
1048,gaussian_noise,medium,25.0,0.5653819583371219,0.4344728818104208,4
1048,gaussian_noise,severe,50.0,0.44890433554811304,0.28904352602253347,4
1048,jpeg_compression,mild,50.0,0.6093547120775697,0.4907713621351723,4
1048,jpeg_compression,medium,20.0,0.5550611843508675,0.4220469790802317,4
1048,jpeg_compression,severe,5.0,0.3360524736230986,0.05732838589981447,3
1048,low_light,mild,0.6,0.5842045199743641,0.4567540578317247,4
1048,low_light,medium,0.35,0.5720999456919564,0.4417012345431807,4
1048,low_light,severe,0.15,0.5676750694641581,0.43743779915381314,4
1059,gaussian_noise,mild,10.0,0.9935500011873792,0.9913125146748063,2
1059,gaussian_noise,medium,25.0,0.9888153393960408,0.9849178787726274,2
1059,gaussian_noise,severe,50.0,0.9773720505605722,0.9695955462031713,2
1059,jpeg_compression,mild,50.0,0.9914641293918718,0.9885007375620223,2
1059,jpeg_compression,medium,20.0,0.9913460599482704,0.9883334452427315,2
1059,jpeg_compression,severe,5.0,0.7587562379625727,0.6594543744120414,2
1059,low_light,mild,0.6,0.9917221086704799,0.9888452764358562,2
1059,low_light,medium,0.35,0.9908521308948373,0.9876702677313293,2
1059,low_light,severe,0.15,0.9887684188300879,0.9848578854699421,2
1085,gaussian_noise,mild,10.0,0.924264902844405,0.8497713912475506,2
1085,gaussian_noise,medium,25.0,0.5472217242013304,0.10089686098654709,2
1085,gaussian_noise,severe,50.0,0.4964137916246757,0.0,2
1085,jpeg_compression,mild,50.0,0.8944784398509307,0.7907975460122699,2
1085,jpeg_compression,medium,20.0,0.9208724644138985,0.8429752066115702,2
1085,jpeg_compression,severe,5.0,0.22354342623496207,0.0,3
1085,low_light,mild,0.6,0.8296804832559939,0.6629889669007021,2
1085,low_light,medium,0.35,0.8970960648743096,0.796016898008449,2
1085,low_light,severe,0.15,0.870260180686071,0.7423904974016332,2
1103,gaussian_noise,mild,10.0,0.6300799326682658,0.5465752712690137,5
1103,gaussian_noise,medium,25.0,0.4223794650970615,0.3125492377824587,5
1103,gaussian_noise,severe,50.0,0.302724158286173,0.18087395076532412,5
1103,jpeg_compression,mild,50.0,0.627779548664775,0.5449961115273609,5
1103,jpeg_compression,medium,20.0,0.4762735392719783,0.3741463766728565,5
1103,jpeg_compression,severe,5.0,0.11166235741444867,0.0,6
1103,low_light,mild,0.6,0.6184633775175994,0.5332764448178758,5
1103,low_light,medium,0.35,0.5952168297759357,0.5061776306265131,5
1103,low_light,severe,0.15,0.407761318322879,0.28968227482899656,5
1122,gaussian_noise,mild,10.0,0.8936736186484169,0.9046986861773267,2
1122,gaussian_noise,medium,25.0,0.8671583598858429,0.8787702844996408,2
1122,gaussian_noise,severe,50.0,0.86637106293499,0.8779481828562429,2
1122,jpeg_compression,mild,50.0,0.5775211935470371,0.4388575194774534,3
1122,jpeg_compression,medium,20.0,0.5765097552319715,0.4379195291431271,3
1122,jpeg_compression,severe,5.0,0.13129779536542918,0.0,4
1122,low_light,mild,0.6,0.8802074347565249,0.892112847256259,2
1122,low_light,medium,0.35,0.8689489809902587,0.8812550187038524,2
1122,low_light,severe,0.15,0.865526142773833,0.8777937819061897,2
1123,gaussian_noise,mild,10.0,0.9678724574227098,0.9709288240709336,2
1123,gaussian_noise,medium,25.0,0.8670648504879901,0.8833615746299642,2
1123,gaussian_noise,severe,50.0,0.4894863465305413,0.38189774008939387,3
1123,jpeg_compression,mild,50.0,0.9654797816058267,0.9688213478938403,2
1123,jpeg_compression,medium,20.0,0.9194981795049346,0.9280684104627767,2
1123,jpeg_compression,severe,5.0,0.0583374902016675,0.0,4
1123,low_light,mild,0.6,0.9741302450464815,0.9766228091469632,2
1123,low_light,medium,0.35,0.9631005407108044,0.9665496792932349,2
1123,low_light,severe,0.15,0.9309273119318551,0.937926305959122,2
1128,gaussian_noise,mild,10.0,0.9905314330869237,0.9831551193789366,2
1128,gaussian_noise,medium,25.0,0.7106152656495743,0.48202208923271544,2
1128,gaussian_noise,severe,50.0,0.3217062571615469,0.03758608899526205,3
1128,jpeg_compression,mild,50.0,0.6621601597225878,0.4940354464894342,3
1128,jpeg_compression,medium,20.0,0.9591421835481291,0.9277664880842417,2
1128,jpeg_compression,severe,5.0,0.3042391105035923,0.0,3
1128,low_light,mild,0.6,0.9957494614044307,0.9924401307125786,2
1128,low_light,medium,0.35,0.9925957756399986,0.9868299107360616,2
1128,low_light,severe,0.15,0.9782393098976112,0.9612815136294923,2
1134,gaussian_noise,mild,10.0,0.6492104360379412,0.4889718717270959,3
1134,gaussian_noise,medium,25.0,0.6206523256030158,0.466767085990874,3
1134,gaussian_noise,severe,50.0,0.16316241127011336,0.0,3
1134,jpeg_compression,mild,50.0,0.6415847266949529,0.4835178336671131,3
1134,jpeg_compression,medium,20.0,0.46278879113293864,0.310944469068069,4
1134,jpeg_compression,severe,5.0,0.16316241127011336,0.0,3
1134,low_light,mild,0.6,0.6436749024315036,0.48471224149391123,3
1134,low_light,medium,0.35,0.5272767998240594,0.3879064064317136,3
1134,low_light,severe,0.15,0.2869985491490775,0.14394380826915282,3
1143,gaussian_noise,mild,10.0,0.36654516391530206,0.4994106553512494,3
1143,gaussian_noise,medium,25.0,0.3666361762173971,0.4995518867924528,3
1143,gaussian_noise,severe,50.0,0.36071047570329745,0.4907822150973643,3
1143,jpeg_compression,mild,50.0,0.36649311677333696,0.49933965378991557,3
1143,jpeg_compression,medium,20.0,0.3370139216283776,0.4556487512300267,3
1143,jpeg_compression,severe,5.0,0.18608164507707914,0.2321436880554651,3
1143,low_light,mild,0.6,0.3665620376179672,0.4994342824816142,3
1143,low_light,medium,0.35,0.36639050919747435,0.49917530631479734,3
1143,low_light,severe,0.15,0.3656251273789409,0.4980235294117647,3
1152,gaussian_noise,mild,10.0,0.6704082585857069,0.34416243654822337,2
1152,gaussian_noise,medium,25.0,0.4974535959877979,0.0,2
1152,gaussian_noise,severe,50.0,0.4974535959877979,0.0,2
1152,jpeg_compression,mild,50.0,0.8301006896261865,0.6619289340101523,2
1152,jpeg_compression,medium,20.0,0.4974535959877979,0.0,2
1152,jpeg_compression,severe,5.0,0.4974535959877979,0.0,2
1152,low_light,mild,0.6,0.8521813306720142,0.7059925093632958,2
1152,low_light,medium,0.35,0.8295065486808153,0.6608187134502924,2
1152,low_light,severe,0.15,0.4974535959877979,0.0,2
1161,gaussian_noise,mild,10.0,0.48145152850939316,0.4524798436354752,3
1161,gaussian_noise,medium,25.0,0.4444888297967542,0.39802549362659334,3
1161,gaussian_noise,severe,50.0,0.3828903551300569,0.3044670050761421,3
1161,jpeg_compression,mild,50.0,0.48082449655283854,0.45101945160534335,3
1161,jpeg_compression,medium,20.0,0.4965175974291107,0.4749320819955545,3
1161,jpeg_compression,severe,5.0,0.17569479955761158,0.0,3
1161,low_light,mild,0.6,0.4857305166672686,0.458562874251497,3
1161,low_light,medium,0.35,0.45983749356951686,0.41973321067157315,3
1161,low_light,severe,0.15,0.4068159236991125,0.34085379340853794,3
1179,gaussian_noise,mild,10.0,0.3306978432185815,0.0,3
1179,gaussian_noise,medium,25.0,0.5099456389347896,0.27141116941529236,3
1179,gaussian_noise,severe,50.0,0.32663495787198754,0.0,3
1179,jpeg_compression,mild,50.0,0.9641233943313652,0.9329091419481613,2
1179,jpeg_compression,medium,20.0,0.782776749513256,0.6088263021447089,2
1179,jpeg_compression,severe,5.0,0.6567586966803172,0.35921306868083613,2
1179,low_light,mild,0.6,0.973364744113324,0.9502487562189055,2
1179,low_light,medium,0.35,0.6491485659692323,0.4757268112598062,3
1179,low_light,severe,0.15,0.6405173120317444,0.46561235748436924,3
1187,gaussian_noise,mild,10.0,0.642246867646489,0.5389145532391573,4
1187,gaussian_noise,medium,25.0,0.560088801408334,0.4543828929122762,4
1187,gaussian_noise,severe,50.0,0.31356057385626285,0.13934472545446447,4
1187,jpeg_compression,mild,50.0,0.6459018775580322,0.5437269102157438,4
1187,jpeg_compression,medium,20.0,0.6386858554366541,0.5342053683555067,4
1187,jpeg_compression,severe,5.0,0.28762664611688527,0.09099439899123192,4
1187,low_light,mild,0.6,0.6469851568827127,0.5439235314433165,4
1187,low_light,medium,0.35,0.6551315736520082,0.5538046747710875,4
1187,low_light,severe,0.15,0.8710461011629577,0.8271267009993738,3
1201,gaussian_noise,mild,10.0,0.9440638892372686,0.8891170431211499,2
1201,gaussian_noise,medium,25.0,0.4955833439357313,0.0,2
1201,gaussian_noise,severe,50.0,0.4955833439357313,0.0,2
1201,jpeg_compression,mild,50.0,0.9516600937580459,0.9041752224503764,2
1201,jpeg_compression,medium,20.0,0.5945231099680024,0.19615912208504802,2
1201,jpeg_compression,severe,5.0,0.18702917012043493,0.0,4
1201,low_light,mild,0.6,0.9229495119099981,0.8472602739726027,2
1201,low_light,medium,0.35,0.6657892693532106,0.3374485596707819,2
1201,low_light,severe,0.15,0.4955833439357313,0.0,2
1211,gaussian_noise,mild,10.0,0.9700284174836126,0.9497571596047564,2
1211,gaussian_noise,medium,25.0,0.9083801183964859,0.8490941428269979,2
1211,gaussian_noise,severe,50.0,0.34789803193386865,0.16999727185922794,4
1211,jpeg_compression,mild,50.0,0.9680436408713182,0.946460162221703,2
1211,jpeg_compression,medium,20.0,0.9379297673281622,0.8966336125284811,2
1211,jpeg_compression,severe,5.0,0.4390608732075413,0.04337710351861295,2
1211,low_light,mild,0.6,0.6475279881884353,0.4781596788882518,3
1211,low_light,medium,0.35,0.6441306912566386,0.47580862533692725,3
1211,low_light,severe,0.15,0.6325427355571854,0.4593185464183581,3
1243,gaussian_noise,mild,10.0,0.3429837663673788,0.2622938926946555,4
1243,gaussian_noise,medium,25.0,0.4105737688831065,0.27041734510240806,4
1243,gaussian_noise,severe,50.0,0.9759155127578163,0.9720484954119034,2
1243,jpeg_compression,mild,50.0,0.28518010552288564,0.23929888195159424,4
1243,jpeg_compression,medium,20.0,0.3447586275980025,0.3187449151618342,3
1243,jpeg_compression,severe,5.0,0.609218014195652,0.5581110616424495,2
1243,low_light,mild,0.6,0.23646406271276404,0.18591103379600063,4
1243,low_light,medium,0.35,0.23545457749256415,0.1811856794313187,4
1243,low_light,severe,0.15,0.4590688099704727,0.3496881053675537,3
1272,gaussian_noise,mild,10.0,0.5115559998466941,0.3704141238121165,4
1272,gaussian_noise,medium,25.0,0.4530454049144587,0.3181164983041954,4
1272,gaussian_noise,severe,50.0,0.2970050212617311,0.17788329146853124,4
1272,jpeg_compression,mild,50.0,0.5633995958361027,0.4486798146308259,4
1272,jpeg_compression,medium,20.0,0.544154168441295,0.45657298456211987,4
1272,jpeg_compression,severe,5.0,0.2035538890323862,0.08717527833285754,4
1272,low_light,mild,0.6,0.5038882579908505,0.3609226818729807,4
1272,low_light,medium,0.35,0.5046072532269599,0.36308538676991603,4
1272,low_light,severe,0.15,0.4815802081162336,0.3378014115145998,4
1273,gaussian_noise,mild,10.0,0.8822657499911045,0.8571065778470328,3
1273,gaussian_noise,medium,25.0,0.8388287415515153,0.8071559063166533,3
1273,gaussian_noise,severe,50.0,0.5933424824374726,0.4523188815245067,3
1273,jpeg_compression,mild,50.0,0.7485308921981321,0.6700537683671283,3
1273,jpeg_compression,medium,20.0,0.6091788132113767,0.4719552540245551,3
1273,jpeg_compression,severe,5.0,0.16385066070653767,0.053546135879709966,3
1273,low_light,mild,0.6,0.7812095208897083,0.7043816594308393,3
1273,low_light,medium,0.35,0.787718010367756,0.7170450642305477,3
1273,low_light,severe,0.15,0.6819175029722117,0.5798644911346279,3
1303,gaussian_noise,mild,10.0,0.45898615958137023,0.3121556130916816,4
1303,gaussian_noise,medium,25.0,0.4543410700280331,0.2808205536745668,4
1303,gaussian_noise,severe,50.0,0.48552283303827326,0.0,2
1303,jpeg_compression,mild,50.0,0.45006505754084636,0.2960087974642603,4
1303,jpeg_compression,medium,20.0,0.6062688481845155,0.42332204740091617,3
1303,jpeg_compression,severe,5.0,0.48552283303827326,0.0,2
1303,low_light,mild,0.6,0.4562323764912382,0.31036314147248223,4
1303,low_light,medium,0.35,0.4395574978840844,0.28679997508253907,4
1303,low_light,severe,0.15,0.6104697193993078,0.42279843444227005,3
1305,gaussian_noise,mild,10.0,0.6578186364501205,0.49699199522696763,3
1305,gaussian_noise,medium,25.0,0.9890188632958825,0.9836008805560366,2
1305,gaussian_noise,severe,50.0,0.5684496629468315,0.3814977867008539,3
1305,jpeg_compression,mild,50.0,0.6616407753106187,0.49528383845905627,3
1305,jpeg_compression,medium,20.0,0.6467556951348037,0.47785156535065315,3
1305,jpeg_compression,severe,5.0,0.30156028923862854,0.04920963724692363,3
1305,low_light,mild,0.6,0.5915866592437892,0.4968455042225534,3
1305,low_light,medium,0.35,0.5913276503998647,0.49762295898048586,3
1305,low_light,severe,0.15,0.6332070941251485,0.4954662083053085,3
1324,gaussian_noise,mild,10.0,0.852886193114847,0.8790345692280136,2
1324,gaussian_noise,medium,25.0,0.6515377737572581,0.7413506320691949,2
1324,gaussian_noise,severe,50.0,0.7001570913090488,0.7514108843199164,2
1324,jpeg_compression,mild,50.0,0.5476525353189269,0.42765601297274675,3
1324,jpeg_compression,medium,20.0,0.7794738296975412,0.8250875361928489,2
1324,jpeg_compression,severe,5.0,0.11529989431560447,0.0,4
1324,low_light,mild,0.6,0.8671356803019241,0.8899477712088789,2
1324,low_light,medium,0.35,0.8447015590348138,0.8727266256183934,2
1324,low_light,severe,0.15,0.5068865044840609,0.39795334863912196,3
1368,gaussian_noise,mild,10.0,0.5289559525549816,0.3832551226286682,4
1368,gaussian_noise,medium,25.0,0.5036789293887387,0.30321374126572215,3
1368,gaussian_noise,severe,50.0,0.4006903350175512,0.16192636538125982,3
1368,jpeg_compression,mild,50.0,0.3421646200235244,0.13346900302980308,4
1368,jpeg_compression,medium,20.0,0.33420988839178783,0.12897647295395134,4
1368,jpeg_compression,severe,5.0,0.21638929997486947,0.0,4
1368,low_light,mild,0.6,0.5204486922650607,0.3892436723944517,4
1368,low_light,medium,0.35,0.6909826938775944,0.5824263067699534,3
1368,low_light,severe,0.15,0.47065262619536413,0.25570894385141085,3
1369,gaussian_noise,mild,10.0,0.6357572954922623,0.28354336545589326,2
1369,gaussian_noise,medium,25.0,0.328058849526453,0.0,3
1369,gaussian_noise,severe,50.0,0.49191455627605085,0.0,2
1369,jpeg_compression,mild,50.0,0.5794565023944058,0.17290748898678415,2
1369,jpeg_compression,medium,20.0,0.5031981786801748,0.022213711221754116,2
1369,jpeg_compression,severe,5.0,0.19468506135007382,0.0,5
1369,low_light,mild,0.6,0.6573277587994779,0.32646536412078153,2
1369,low_light,medium,0.35,0.41246752233708595,0.12466692044156832,3
1369,low_light,severe,0.15,0.34955942585937466,0.031788586748372274,3
1385,gaussian_noise,mild,10.0,0.8885848340722818,0.852699969317508,3
1385,gaussian_noise,medium,25.0,0.8551318628128612,0.8150616332854297,3
1385,gaussian_noise,severe,50.0,0.5919017875518066,0.4580836994630098,3
1385,jpeg_compression,mild,50.0,0.8491657400941129,0.797457479538503,3
1385,jpeg_compression,medium,20.0,0.6684100820932177,0.5616898672890352,3
1385,jpeg_compression,severe,5.0,0.14846333578436444,0.04973189107016821,4
1385,low_light,mild,0.6,0.9007195947964575,0.8715673756844673,3
1385,low_light,medium,0.35,0.8905410987230201,0.8607856077095487,3
1385,low_light,severe,0.15,0.48774903105298545,0.38332514356654585,4
1390,gaussian_noise,mild,10.0,0.8558860901278893,0.8167816981895841,4
1390,gaussian_noise,medium,25.0,0.6468989389853124,0.5667429918814864,4
1390,gaussian_noise,severe,50.0,0.6382661184349742,0.5585704950395404,4
1390,jpeg_compression,mild,50.0,0.8797621354576566,0.8481404319164406,4
1390,jpeg_compression,medium,20.0,0.8781942267447568,0.8484466307174201,4
1390,jpeg_compression,severe,5.0,0.32991130357845966,0.23844168770878651,5
1390,low_light,mild,0.6,0.9000463746292775,0.8758602792891583,4
1390,low_light,medium,0.35,0.8640466261627304,0.8287131706833426,4
1390,low_light,severe,0.15,0.7161087377273441,0.6342414112316564,4
1422,gaussian_noise,mild,10.0,0.6529575221886854,0.4834339966976623,3
1422,gaussian_noise,medium,25.0,0.6542939532318424,0.48488270116202586,3
1422,gaussian_noise,severe,50.0,0.605599001322525,0.43021709751950826,3
1422,jpeg_compression,mild,50.0,0.6504898065583574,0.4807185162768579,3
1422,jpeg_compression,medium,20.0,0.6491246010742838,0.4792102482261856,3
1422,jpeg_compression,severe,5.0,0.1360253761555959,0.0,5
1422,low_light,mild,0.6,0.6509454668785536,0.48122446332446983,3
1422,low_light,medium,0.35,0.6497510377717663,0.4799240953982835,3
1422,low_light,severe,0.15,0.6480939833595968,0.4780933106551553,3
1442,gaussian_noise,mild,10.0,0.9823527371676277,0.9684910485933503,2
1442,gaussian_noise,medium,25.0,0.9681890452015454,0.9431367499356168,2
1442,gaussian_noise,severe,50.0,0.936986180016812,0.8874286878565607,2
1442,jpeg_compression,mild,50.0,0.9832042904330313,0.9700102354145342,2
1442,jpeg_compression,medium,20.0,0.9830887755269587,0.969741159314619,2
1442,jpeg_compression,severe,5.0,0.7132314381970073,0.4838153910410358,2
1442,low_light,mild,0.6,0.9820076762495205,0.9678882715734747,2
1442,low_light,medium,0.35,0.9777507555976245,0.9602720114531138,2
1442,low_light,severe,0.15,0.9728257025966935,0.9514786250574595,2
1452,gaussian_noise,mild,10.0,0.5368633043866691,0.4773771920020804,5
1452,gaussian_noise,medium,25.0,0.32510833786021615,0.2182469830323927,5
1452,gaussian_noise,severe,50.0,0.3151542881230934,0.2078557462914133,5
1452,jpeg_compression,mild,50.0,0.4633844966774678,0.4008518420875372,6
1452,jpeg_compression,medium,20.0,0.31845893853433704,0.21196243382406266,5
1452,jpeg_compression,severe,5.0,0.28515720947044676,0.17676063745858098,5
1452,low_light,mild,0.6,0.47909920742796763,0.4174532809570387,6
1452,low_light,medium,0.35,0.42387015185214816,0.3519296572555041,6
1452,low_light,severe,0.15,0.33663586921195865,0.22926677825171426,5
1460,gaussian_noise,mild,10.0,0.9045557889659311,0.9021567507642692,2
1460,gaussian_noise,medium,25.0,0.28989778217892037,0.1747160509400146,4
1460,gaussian_noise,severe,50.0,0.16772272517546047,0.0,3
1460,jpeg_compression,mild,50.0,0.8824454016904488,0.8753016201309893,2
1460,jpeg_compression,medium,20.0,0.3707340957787362,0.30785987321636316,3
1460,jpeg_compression,severe,5.0,0.6208385661942019,0.5756642646265198,2
1460,low_light,mild,0.6,0.867671927601891,0.8595794912151643,2
1460,low_light,medium,0.35,0.8698248718185004,0.8630318246590215,2
1460,low_light,severe,0.15,0.7297590321536437,0.6994007151130583,2
